RecordID,Date,Platform,Impressions,Reach,PageViews,FollowersGained,Engagements,PostsPublished,VideoViews,WatchTimeMins,WebUsers,Purchases,Revenue,Sessions
50001,2024-03-01,youtube,821,689,259,16,57,0,9874,29807,124,7,651,148
50002,2024-04-13,youtube,383,256,222,2,45,2,1543,33314,426,0,0,511
50003,2024-04-26,Facebook,4951,3465,434,12,49,1,0,0,270,0,0,324
50004,2024-05-09,YouTube,566,458,229,46,28,1,4329,39857,195,2,236,234
50005,2024-03-15,youtube,2168,1604,351,36,195,3,1256,44089,403,8,896,483
50006,2024-03-31,Instagram,2374,949,629,10,94,2,0,0,361,3,189,433
50007,2024-04-28,Instagram,4641,3387,349,-1,232,3,0,0,257,0,0,308
50008,2024-04-06,Facebook,634,399,691,41,38,0,0,0,118,0,0,141
50009,2024-05-06,LinkedIn,3347,2945,459,2,133,2,0,0,392,0,0,470
50010,04/04/2024,Facebook,2966,1512,574,5,59,0,0,0,131,0,0,157
50011,2024-04-23,Instagram,216,116,776,28,10,0,0,0,149,5,405,178
50012,2024-03-31,Facebook,3008,1654,15,6,30,0,0,0,241,0,0,289
50013,2024-03-15, instagram ,635,527,520,20,57,2,0,0,82,9,351,98
50014,2024-04-01,Instagram,272,127,600,28,27,2,0,0,118,4,160,141
50015,2024-05-16,youtube,4202,3655,298,23,252,2,5329,26717,395,1,65,474
50016,2024-03-30, instagram ,3506,1647,702,20,385,2,0,0,122,9,918,146
50017,2024-04-19,Instagram,1283,1116,201,46,102,3,0,0,205,0,0,246
50018,2024-04-20,LinkedIn,3975,2226,59,47,159,3,0,0,369,5,220,442
50019,2024-04-12,youtube,1330,625,182,2,159,0,4427,34578,229,0,0,274
50020,2024-04-01, instagram ,4948,3216,550,4,197,0,0,0,240,0,0,288
50021,2024-04-07,YouTube,1726,983,733,36,69,1,7730,21993,424,0,0,508
50022,2024-04-02,YouTube,1467,1188,561,16,88,2,8014,13927,364,7,952,436
50023,05/29/2024,YouTube,4384,2323,511,18,438,0,3949,48701,302,0,0,362
50024,2024-04-17,Facebook,2362,1204,191,34,259,0,0,0,334,0,0,400
50025,2024-05-07,Instagram,2629,1472,308,-1,315,0,0,0,320,6,720,384
50026,05/16/2024,LinkedIn,2432,1070,426,31,291,2,0,0,88,0,0,105
50027,2024-04-26, instagram ,3171,2600,495,0,126,0,0,0,72,0,0,86
50028,2024-04-14,YouTube,2426,1431,259,8,218,0,2170,48568,361,1,108,433
50029,2024-03-09,Facebook,2415,1593,275,48,313,2,0,0,191,0,0,229
50030,2024-04-19, instagram ,1585,871,371,10,206,2,0,0,280,9,918,336
50031,04/17/2024,YouTube,-3666,2346,260,10,403,1,9704,1381,345,0,0,414
50032,2024-05-06,Facebook,2175,1848,310,37,108,3,0,0,172,7,637,206
50033,2024-05-05, instagram ,1036,559,16,2,134,2,0,0,167,2,140,200
50034,2024-05-04,YouTube,4321,2333,144,22,172,1,1918,13346,164,0,0,196
50035,03/19/2024,LinkedIn,1468,822,673,20,161,2,0,0,318,0,0,381
50036,2024-03-15,Facebook,934,635,757,6,93,0,0,0,236,1,87,283
50037,2024-05-07,YouTube,3138,2353,696,4,439,0,4894,43722,398,0,0,477
50038,2024-03-13,LinkedIn,4935,3948,181,27,493,0,0,0,205,0,0,246
50039,2024-03-23,LinkedIn,-3422,2874,176,7,376,1,0,0,483,0,0,579
50040,2024-05-02,LinkedIn,-2215,1395,115,0,22,0,0,0,74,5,625,88
50041,2024-04-02,Instagram,4895,4307,174,23,244,0,0,0,198,0,0,237
50042,04/11/2024,Instagram,1109,920,774,-5,155,0,0,0,229,0,0,274
50043,2024-04-03,LinkedIn,2116,1079,250,0,211,2,0,0,279,5,255,334
50044,2024-03-10,Facebook,3550,2130,475,-3,461,1,0,0,464,4,320,556
50045,03/13/2024,youtube,1066,938,538,48,10,3,1342,25847,416,0,0,499
50046,2024-05-10,YouTube,194,116,604,8,23,2,3557,28217,59,0,0,70
50047,2024-04-10,LinkedIn,127,83,786,41,11,0,0,0,467,6,822,560
50048,2024-03-08,YouTube,1313,669,613,4,105,1,7920,7391,263,0,0,315
50049,2024-04-26, instagram ,1879,1277,360,4,225,3,0,0,202,9,774,242
50050,2024-05-24,YouTube,2397,1989,758,46,215,3,3110,13620,490,4,364,588
50051,2024-03-15,YouTube,2080,894,334,3,187,3,7133,22715,455,0,0,546
50052,2024-03-14,YouTube,352,253,83,29,35,2,9065,5330,188,0,0,225
50053,2024-03-13, instagram ,695,569,189,42,55,1,0,0,421,0,0,505
50054,2024-03-18,Instagram,486,208,177,49,14,3,0,0,83,0,0,99
50055,2024-03-30,Instagram,331,172,126,36,9,2,0,0,460,9,621,552
50056,2024-05-13,LinkedIn,989,801,567,0,19,1,0,0,440,3,447,528
50057,2024-04-05,LinkedIn,3491,1745,484,30,418,3,0,0,209,0,0,250
50058,2024-03-03,youtube,4992,3294,38,42,249,3,9918,23888,152,0,,182
50059,2024-05-15,YouTube,4489,2917,126,23,404,3,536,9406,226,0,0,271
50060,2024-04-28,LinkedIn,3613,2059,256,20,361,3,0,0,76,4,228,91
50061,2024-05-16,youtube,2636,1318,412,25,316,3,6441,13398,152,0,0,182
50062,2024-05-24, instagram ,2926,2604,356,20,292,2,0,0,185,0,,222
50063,2024-03-11, instagram ,913,502,598,18,45,2,0,0,133,9,774,159
50064,2024-03-08, instagram ,1756,790,157,10,122,1,0,0,431,0,0,517
50065,2024-05-22,LinkedIn,1789,1484,408,41,125,1,0,0,296,0,0,355
50066,2024-04-22,Facebook,4842,2808,475,19,290,0,0,0,390,0,0,468
50067,2024-04-03,youtube,2841,1306,259,35,227,2,6486,30666,314,6,576,376
50068,2024-04-21, instagram ,4354,3744,668,19,522,2,0,0,299,0,0,358
50069,2024-03-04,youtube,473,198,518,3,28,1,7635,3706,418,0,0,501
50070,2024-05-12, instagram ,769,599,228,-3,15,1,0,0,267,0,0,320
50071,2024-03-18,youtube,3196,2173,741,14,255,2,6137,23699,129,1,127,154
50072,03/08/2024,LinkedIn,3781,2835,606,25,151,3,0,0,324,0,0,388
50073,2024-04-07,YouTube,2828,1272,690,36,339,3,9866,12845,194,7,,232
50074,2024-03-25,Facebook,1920,1440,72,-5,134,0,0,0,230,0,0,276
50075,2024-05-22,LinkedIn,344,172,547,21,34,1,0,0,363,2,148,435
50076,2024-04-16,YouTube,3620,2534,428,13,289,3,7161,44419,295,9,765,354
50077,2024-04-18,Instagram,1999,1619,502,16,119,2,0,0,307,4,156,368
50078,2024-04-15, instagram ,2634,2054,82,34,26,2,0,0,230,0,0,276
50079,2024-04-06, instagram ,1811,996,509,46,54,0,0,0,357,3,219,428
50080,2024-03-25, instagram ,900,432,44,49,36,3,0,0,308,0,0,369
50081,2024-05-28,Instagram,390,198,98,38,15,3,0,0,396,0,0,475
50082,2024-05-28,YouTube,3695,2623,62,12,110,3,2260,8250,91,0,0,109
50083,2024-04-07,YouTube,2284,913,358,49,68,0,9706,8770,58,9,540,69
50084,2024-05-21, instagram ,339,159,166,13,20,3,0,0,225,9,414,270
50085,2024-04-06,LinkedIn,598,310,697,-2,47,1,0,0,201,0,0,241
50086,2024-05-29,youtube,3741,2169,419,8,112,2,3013,30690,132,3,108,158
50087,2024-03-01,youtube,3118,2775,497,3,93,3,8447,36546,236,0,0,283
50088,2024-03-13,YouTube,896,430,618,4,8,0,5133,5140,273,8,1032,327
50089,2024-03-06,LinkedIn,239,174,12,9,26,2,0,0,277,0,,332
50090,2024-05-03, instagram ,4421,2741,443,35,88,0,0,0,98,0,0,117
50091,2024-04-29,Facebook,119,60,40,30,16,0,0,0,233,0,0,279
50092,2024-04-22,LinkedIn,2580,1625,383,15,154,1,0,0,486,0,0,583
50093,2024-04-03,Instagram,1532,980,591,1,107,2,0,0,355,7,511,426
50094,2024-03-31,YouTube,1639,934,423,48,147,1,9124,2607,120,8,264,144
50095,2024-04-05,YouTube,4392,2239,141,10,307,1,1471,38308,415,7,301,498
50096,2024-05-27, instagram ,3189,1753,348,17,318,3,0,0,223,0,0,267
50097,2024-04-12,Facebook,1665,1215,141,-3,33,1,0,0,220,0,0,264
50098,2024-05-12,Facebook,4621,3049,586,40,323,3,0,0,345,3,153,414
50099,2024-05-10,youtube,2091,1254,240,36,62,1,4741,23343,258,0,0,309
50100,03/22/2024,Instagram,4268,3201,196,24,42,0,0,0,443,0,0,531
50101,2024-04-05, instagram ,3637,2291,450,44,363,0,0,0,460,9,1026,552
50102,2024-03-25,Instagram,2864,2348,686,9,400,1,0,0,358,0,0,429
50103,2024-04-18,YouTube,4339,2169,53,20,390,0,8265,39231,463,0,0,555
50104,2024-05-11,Facebook,4828,4007,728,38,434,2,0,0,214,9,756,256
50105,03/25/2024,LinkedIn,2449,1714,369,-3,171,1,0,0,323,0,0,387
50106,2024-05-23,Instagram,-3524,2396,716,-5,140,3,0,0,222,0,0,266
50107,2024-05-16,LinkedIn,988,434,712,22,128,0,0,0,281,0,0,337
50108,2024-04-27,Instagram,475,285,647,26,9,3,0,0,185,0,0,222
50109,03/10/2024,youtube,523,324,555,30,36,0,4758,37107,269,1,,322
50110,2024-03-21,youtube,2904,1945,117,25,58,0,7922,38028,82,3,432,98
50111,2024-05-11,YouTube,-3014,2531,47,17,90,0,8100,17645,467,0,0,560
50112,2024-03-26,youtube,4678,2993,448,43,233,3,2864,45546,447,0,0,536
50113,2024-04-15,Instagram,4466,1965,344,13,89,2,0,0,240,0,0,288
50114,2024-04-30, instagram ,4869,4089,512,48,48,3,0,0,156,0,0,187
50115,2024-03-13, instagram ,1380,993,449,17,138,1,0,0,107,8,552,128
50116,2024-03-06,YouTube,584,467,465,32,17,1,1200,26377,416,0,0,499
50117,2024-05-07, instagram ,4853,2086,560,-2,485,2,0,0,392,0,0,470
50118,2024-03-03,Facebook,3459,2905,19,37,138,3,0,0,81,0,0,97
50119,2024-03-12,youtube,4022,2252,444,8,40,2,9111,15501,216,8,664,259
50120,2024-05-10,LinkedIn,319,159,581,38,3,3,0,0,411,0,0,493
50121,2024-05-02,youtube,2844,2417,651,5,227,0,7335,48996,350,4,368,420
50122,2024-05-12,LinkedIn,3387,2743,642,2,440,0,0,0,124,0,0,148
50123,03/05/2024,LinkedIn,3067,2668,228,10,245,0,0,0,233,5,600,279
50124,2024-04-18,LinkedIn,729,605,553,8,14,3,0,0,436,0,0,523
50125,2024-04-28,Instagram,1635,1422,748,30,196,3,0,0,305,0,0,366
50126,2024-03-07,LinkedIn,319,137,308,21,35,1,0,0,148,0,0,177
50127,2024-04-19,Instagram,2741,1973,520,27,27,3,0,0,124,0,0,148
50128,2024-04-24,YouTube,1282,769,574,-2,76,2,5949,33366,168,0,,201
50129,2024-04-10,Facebook,3816,1984,39,8,38,3,0,0,330,0,0,396
50130,2024-03-23,LinkedIn,3714,1782,326,31,334,2,0,0,89,0,0,106
50131,2024-05-19,Instagram,3593,3125,786,34,467,3,0,0,112,0,0,134
50132,2024-03-23, instagram ,203,172,262,12,22,3,0,0,352,0,0,422
50133,03/21/2024,youtube,531,419,388,3,47,1,2670,5572,269,0,0,322
50134,2024-03-22, instagram ,857,497,686,12,102,0,0,0,464,0,0,556
50135,2024-03-01,YouTube,4507,3290,763,5,270,3,2393,18280,341,0,0,409
50136,2024-05-16, instagram ,2272,1385,102,47,68,1,0,0,219,0,0,262
50137,2024-03-05,Facebook,4135,2108,647,41,330,2,0,0,496,8,1016,595
50138,2024-05-05, instagram ,4350,3480,63,19,261,0,0,0,109,0,0,130
50139,2024-03-28,Facebook,2856,2427,129,14,285,2,0,0,193,6,384,231
50140,2024-03-28,Instagram,2184,1288,580,46,305,1,0,0,64,0,0,76
50141,2024-05-02,LinkedIn,1977,889,292,37,39,1,0,0,461,0,0,553
50142,2024-04-10,Instagram,3929,1768,501,42,314,2,0,0,460,7,518,552
50143,2024-04-17,YouTube,3815,3052,717,48,381,0,2132,48636,52,3,228,62
50144,2024-04-27,YouTube,2707,2165,29,22,378,3,1965,37911,300,0,0,360
50145,2024-03-29, instagram ,4145,3067,227,48,290,0,0,0,60,0,0,72
50146,2024-03-20,youtube,789,347,250,36,31,2,1178,3553,401,0,0,481
50147,2024-05-20,youtube,2531,2126,470,26,101,1,3999,6065,70,0,0,84
50148,2024-04-02,youtube,2815,2083,140,11,281,3,1270,1750,386,0,0,463
50149,03/22/2024,Facebook,4131,1941,105,36,371,2,0,0,333,0,0,399
50150,2024-05-12,YouTube,3528,2152,388,38,352,1,7469,24878,187,0,0,224
50151,2024-04-11,youtube,4407,3525,354,31,396,0,2764,29265,189,0,0,226
50152,2024-04-13,Instagram,453,199,68,21,63,1,0,0,304,0,0,364
50153,2024-04-04,Facebook,4069,1953,440,39,203,3,0,0,215,1,90,258
50154,2024-04-14,Instagram,2350,1997,662,31,188,1,0,0,378,0,0,453
50155,2024-03-22,Instagram,1358,774,682,29,54,0,0,0,452,0,0,542
50156,2024-05-21,Facebook,2908,1570,71,46,348,1,0,0,469,0,0,562
50157,2024-04-21, instagram ,3442,2891,694,30,275,0,0,0,413,3,189,495
50158,2024-04-09,Facebook,3370,2190,498,33,337,3,0,0,304,0,0,364
50159,2024-03-31,Instagram,770,377,545,-4,15,0,0,0,452,5,375,542
50160,2024-04-08, instagram ,3490,1675,672,6,174,1,0,0,144,0,0,172
50161,03/11/2024,LinkedIn,1214,1068,547,48,145,0,0,0,85,0,0,102
50162,2024-03-22,youtube,1286,1105,392,16,115,0,8366,13149,374,5,735,448
50163,2024-05-13,Facebook,4654,3862,756,10,279,0,0,0,157,0,0,188
50164,2024-04-21,YouTube,406,357,186,25,52,3,6197,26401,491,0,0,589
50165,2024-04-10,Instagram,3450,2656,758,6,379,1,0,0,243,0,0,291
50166,2024-05-09,Instagram,3531,2577,178,28,247,0,0,0,366,0,0,439
50167,2024-04-06,LinkedIn,1614,758,439,38,177,1,0,0,66,0,0,79
50168,2024-05-02,YouTube,3640,1565,519,40,364,2,8273,15912,68,0,0,81
50169,2024-05-16,Instagram,3494,1991,396,-5,209,2,0,0,186,0,0,223
50170,03/29/2024,youtube,4275,3334,367,4,85,3,1649,35079,374,6,180,448
50171,2024-05-11,youtube,1008,665,361,28,60,0,5673,7544,62,0,0,74
50172,2024-04-02,Instagram,693,297,179,16,41,2,0,0,66,9,936,79
50173,2024-04-04, instagram ,3356,1443,323,0,402,2,0,0,193,0,0,231
50174,03/08/2024,youtube,4399,2551,698,1,483,3,5609,29502,295,0,0,354
50175,2024-04-24,youtube,832,640,358,-1,66,2,9637,13514,367,0,0,440
50176,2024-04-13,YouTube,4958,2280,104,9,297,1,6543,30492,117,5,660,140
50177,2024-03-20,YouTube,3198,2462,244,30,447,1,1779,20647,327,0,0,392
50178,2024-05-24,Instagram,3915,2505,217,21,313,2,0,0,438,8,1128,525
50179,2024-03-10,LinkedIn,2223,978,24,-5,244,0,0,0,61,7,1036,73
50180,2024-05-19,LinkedIn,1372,644,377,30,178,3,0,0,479,1,39,574
50181,05/11/2024,youtube,4621,2495,28,49,462,0,8797,46854,205,7,602,246
50182,2024-05-01,youtube,2912,1776,541,11,320,1,7219,30568,265,0,0,318
50183,2024-05-17,Facebook,3673,1579,455,36,477,3,0,0,196,0,0,235
50184,2024-03-12,LinkedIn,3679,2170,237,45,331,1,0,0,209,0,0,250
50185,2024-04-05,Instagram,4710,1884,419,11,376,1,0,0,421,0,0,505
50186,2024-05-03,Instagram,552,391,764,26,22,0,0,0,108,0,0,129
50187,2024-05-16,Facebook,4444,3377,348,21,444,0,0,0,250,6,324,300
50188,2024-04-21,Instagram,1310,1048,729,10,13,2,0,0,297,0,0,356
50189,2024-03-10,LinkedIn,-3054,1282,547,39,335,2,0,0,228,0,,273
50190,2024-05-15,Facebook,3761,3309,329,22,451,1,0,0,228,4,388,273
50191,2024-03-31, instagram ,1878,1277,790,-3,225,3,0,0,123,0,0,147
50192,2024-05-19,Instagram,4489,2424,187,33,359,0,0,0,395,0,0,474
50193,2024-05-26, instagram ,675,344,261,6,54,3,0,0,162,0,0,194
50194,2024-03-03,Facebook,1830,1372,81,15,201,3,0,0,249,4,484,298
50195,2024-05-22,youtube,3616,3037,699,22,253,3,8259,24481,289,0,0,346
50196,2024-03-25,YouTube,2538,1700,576,15,329,0,7819,10999,317,8,1080,380
50197,05/16/2024,YouTube,2395,1293,732,4,191,0,2827,27280,151,0,0,181
50198,05/28/2024,youtube,682,375,130,6,27,0,5610,6789,351,0,0,421
50199,2024-05-23,LinkedIn,3573,2036,791,48,285,1,0,0,487,0,0,584
50200,2024-04-25,Facebook,3227,1710,664,46,225,0,0,0,363,0,0,435
50201,2024-05-11,YouTube,4632,2454,481,11,277,2,3743,31039,498,4,432,597
50202,2024-05-05,LinkedIn,4591,2754,417,9,596,0,0,0,499,0,0,598
50203,2024-03-01,Instagram,3576,3111,287,22,107,0,0,0,218,2,254,261
50204,2024-05-11, instagram ,-3715,3269,61,43,37,3,0,0,227,0,0,272
50205,2024-04-23,LinkedIn,4030,2458,486,17,483,2,0,0,366,0,0,439
50206,2024-03-02,Instagram,3545,1843,517,14,248,2,0,0,190,0,0,228
50207,2024-04-03,youtube,4994,3246,53,30,399,3,3667,19725,240,0,0,288
50208,2024-05-06,YouTube,3430,3052,105,2,171,0,3923,39780,100,1,149,120
50209,2024-05-14,LinkedIn,3767,3352,574,21,339,1,0,0,453,0,0,543
50210,2024-04-03,YouTube,2888,1212,263,19,259,1,2281,33503,450,3,276,540
50211,2024-03-31,youtube,288,190,316,13,31,0,910,6249,293,2,292,351
50212,2024-04-07,LinkedIn,2507,2181,217,-3,100,0,0,0,147,1,98,176
50213,2024-03-01,YouTube,2659,2206,588,41,132,1,8286,1205,174,0,0,208
50214,2024-05-02,YouTube,4259,1916,768,9,255,2,9066,39335,198,3,321,237
50215,2024-03-06,Facebook,3015,1869,334,42,241,0,0,0,133,0,0,159
50216,2024-03-20,Instagram,2027,1317,26,15,283,0,0,0,438,9,1323,525
50217,2024-03-13,Instagram,2723,1688,227,22,381,1,0,0,159,7,448,190
50218,2024-04-23,YouTube,1066,724,138,47,127,0,4752,23267,102,0,0,122
50219,2024-04-08,Facebook,4889,2248,401,17,391,1,0,0,372,8,384,446
50220,2024-03-08,Instagram,1387,1095,355,37,83,1,0,0,134,1,40,160
50221,2024-03-02,Facebook,3922,3019,631,8,39,2,0,0,96,1,122,115
50222,2024-03-12, instagram ,693,401,144,6,97,2,0,0,61,0,0,73
50223,2024-05-23,Instagram,2721,1442,559,23,326,1,0,0,301,0,0,361
50224,2024-03-15,LinkedIn,157,105,346,-2,12,0,0,0,484,0,0,580
50225,2024-04-08,Facebook,1411,959,189,34,141,2,0,0,266,0,0,319
50226,2024-03-30,YouTube,2695,1374,462,39,323,2,6589,48767,164,0,0,196
50227,2024-05-21,youtube,3892,2257,496,20,155,1,7189,45879,280,9,,336
50228,2024-05-07,youtube,1986,873,601,8,278,2,1948,23695,181,0,0,217
50229,2024-03-31,Instagram,1421,1023,754,34,170,1,0,0,163,0,0,195
50230,2024-04-29,YouTube,1295,1139,200,10,181,3,5576,32104,425,0,0,510
50231,2024-05-27,YouTube,622,472,298,11,12,1,8151,23837,116,8,440,139
50232,2024-05-15,LinkedIn,3597,1546,425,-2,71,1,0,0,395,0,0,474
50233,2024-03-23,Instagram,1491,834,40,5,14,1,0,0,421,0,0,505
50234,2024-03-13,youtube,1669,700,161,46,233,2,3020,45344,353,0,0,423
50235,2024-04-25,YouTube,3247,1623,272,35,259,3,5718,23343,414,5,305,496
50236,2024-03-26,LinkedIn,4045,2305,474,28,161,1,0,0,121,4,436,145
50237,2024-04-29,Instagram,4815,2648,427,25,577,0,0,0,229,0,0,274
50238,2024-05-10,Facebook,3599,1979,231,-5,467,3,0,0,167,0,0,200
50239,2024-03-16,Instagram,1183,508,212,3,82,1,0,0,184,0,0,220
50240,2024-03-28,youtube,540,448,80,22,5,0,6814,17663,138,7,966,165
50241,2024-04-02,YouTube,3217,2026,181,7,193,1,9810,14913,428,0,0,513
50242,2024-05-15,LinkedIn,1773,1418,67,13,124,0,0,0,328,0,0,393
50243,2024-04-06,LinkedIn,1271,838,577,0,101,3,0,0,134,0,0,160
50244,2024-03-20,LinkedIn,4183,3430,515,14,125,2,0,0,321,3,369,385
50245,2024-05-17,LinkedIn,2794,1676,467,33,195,1,0,0,187,0,0,224
50246,2024-03-18,Facebook,3393,1730,192,49,135,2,0,0,65,7,413,78
50247,2024-05-29,youtube,4670,1961,784,21,280,0,9905,26984,284,0,0,340
50248,03/18/2024,LinkedIn,1649,1451,86,28,131,3,0,0,271,0,0,325
50249,2024-05-01,YouTube,3654,2302,59,40,292,1,7899,35759,175,7,791,210
50250,2024-04-03,youtube,320,236,680,36,38,3,6487,20049,495,0,0,594
50251,2024-05-11,Instagram,4526,3982,335,20,181,2,0,0,401,0,0,481
50252,2024-05-23,Instagram,1075,537,686,13,43,0,0,0,267,0,0,320
50253,2024-04-09, instagram ,2011,1025,183,7,120,1,0,0,413,0,0,495
50254,2024-04-03,Instagram,847,381,667,33,67,3,0,0,213,6,690,255
50255,05/04/2024,Facebook,4182,1714,641,2,83,0,0,0,218,0,0,261
50256,2024-04-08,Instagram,915,649,718,0,36,2,0,0,419,0,0,502
50257,2024-03-30,YouTube,2578,1933,70,38,283,1,1756,33176,463,8,240,555
50258,2024-03-01,Facebook,1754,1122,741,19,35,2,0,0,144,0,0,172
50259,2024-03-28,LinkedIn,3805,1522,612,47,76,1,0,0,312,0,0,374
50260,2024-05-03,Instagram,1316,1131,148,35,118,3,0,0,243,0,0,291
50261,2024-03-07,Instagram,2164,930,46,14,21,3,0,0,78,0,0,93
50262,2024-04-30, instagram ,4570,3656,755,15,639,3,0,0,145,0,0,174
50263,2024-03-12,youtube,3640,2548,436,-3,327,1,2771,25491,81,7,896,97
50264,2024-05-21,youtube,4542,2180,604,45,317,0,852,6294,469,1,34,562
50265,2024-05-21,Facebook,1423,853,126,40,14,1,0,0,247,0,0,296
50266,2024-03-13,youtube,2568,1720,386,39,359,0,9901,12897,224,0,0,268
50267,2024-03-21,LinkedIn,2647,2064,737,-2,370,1,0,0,202,8,1064,242
50268,2024-05-06,Instagram,4830,2415,133,22,338,0,0,0,419,0,,502
50269,2024-03-03,youtube,2025,972,172,47,121,1,9446,11846,348,0,0,417
50270,2024-05-27,youtube,2428,1578,770,4,339,1,9912,36727,487,7,889,584
50271,2024-05-26, instagram ,883,547,553,0,70,1,0,0,120,0,0,144
50272,2024-04-14, instagram ,4250,3527,656,32,340,0,0,0,261,0,0,313
50273,2024-05-28,YouTube,731,292,609,-5,58,2,3134,26968,232,0,0,278
50274,2024-05-10,youtube,4039,2059,559,14,484,3,4301,11915,245,0,0,294
50275,2024-04-15,YouTube,760,524,213,35,83,0,9667,38061,280,0,0,336
50276,2024-04-05, instagram ,3357,2987,306,8,167,3,0,0,374,6,564,448
50277,03/27/2024,Facebook,4488,2109,273,49,179,2,0,0,272,6,372,326
50278,2024-04-18,LinkedIn,2325,976,134,24,209,2,0,0,110,0,0,132
50279,2024-03-08,Instagram,3026,2481,374,22,151,2,0,0,454,0,0,544
50280,2024-03-16, instagram ,4890,2787,45,5,489,0,0,0,86,0,0,103
50281,2024-04-12, instagram ,296,227,290,19,14,3,0,0,64,0,0,76
50282,2024-05-24,Facebook,3298,1517,315,18,329,1,0,0,234,0,0,280
50283,2024-05-20,Facebook,4428,3321,65,40,531,0,0,0,227,0,0,272
50284,2024-05-24,YouTube,4351,3263,770,35,522,0,8879,42179,215,8,600,258
50285,2024-04-18,Facebook,-2355,1789,775,24,259,1,0,0,225,3,312,270
50286,2024-05-01, instagram ,3388,2778,73,22,372,2,0,0,97,2,70,116
50287,2024-03-05, instagram ,1579,710,14,31,78,0,0,0,385,1,81,462
50288,2024-04-12,youtube,2057,1522,320,-3,205,1,621,2660,482,0,0,578
50289,2024-04-14,Instagram,1781,1335,420,12,231,1,0,0,59,5,700,70
50290,2024-03-07,Facebook,3187,2326,253,30,318,2,0,0,52,0,0,62
50291,2024-03-05,Facebook,2860,2488,423,31,114,0,0,0,450,0,0,540
50292,2024-04-30,LinkedIn,3922,2863,32,47,470,1,0,0,376,0,0,451
50293,2024-04-17,youtube,1179,483,671,16,129,0,9827,48359,190,0,0,228
50294,2024-04-30,LinkedIn,3431,3019,431,22,480,2,0,0,167,3,423,200
50295,2024-04-13,youtube,3539,2972,714,35,70,0,5939,45958,452,0,0,542
50296,2024-03-10,Instagram,346,211,118,4,41,3,0,0,423,6,732,507
50297,2024-05-14,LinkedIn,2493,1770,367,3,24,1,0,0,472,0,0,566
50298,2024-04-27,Facebook,1514,1014,15,12,166,0,0,0,123,0,0,147
50299,2024-03-06,Facebook,1609,965,331,0,209,0,0,0,196,0,0,235
50300,2024-05-22,youtube,4617,1985,599,14,554,3,3286,11508,373,0,0,447
50301,2024-03-14,LinkedIn,2245,1953,354,38,67,3,0,0,364,0,0,436
50302,2024-04-22,Facebook,2195,1777,100,6,131,1,0,0,192,0,0,230
50303,2024-03-09,YouTube,190,91,713,4,15,3,5429,46845,265,0,0,318
50304,2024-05-10,youtube,776,582,725,31,46,0,6502,2288,377,0,0,452
50305,2024-04-18,Facebook,732,336,759,24,102,2,0,0,54,0,0,64
50306,2024-05-11,Instagram,445,293,582,9,48,0,0,0,134,2,246,160
50307,2024-04-10, instagram ,2257,1128,749,16,248,3,0,0,151,0,0,181
50308,2024-05-03,Facebook,4645,3901,674,29,278,2,0,0,290,0,0,348
50309,2024-05-19,youtube,948,843,104,4,28,2,1366,14825,238,0,0,285
50310,2024-05-03,Instagram,1275,790,585,43,38,3,0,0,365,1,57,438
50311,2024-05-07,YouTube,4283,3554,188,31,85,3,3759,28390,409,6,516,490
50312,2024-03-08, instagram ,3632,1743,441,13,108,0,0,0,403,3,405,483
50313,04/06/2024,YouTube,1409,1099,657,20,126,0,5633,22253,453,0,0,543
50314,2024-04-07,Instagram,4716,2923,345,15,424,2,0,0,174,0,0,208
50315,2024-05-11,Instagram,3251,1918,41,1,97,2,0,0,107,0,0,128
50316,2024-05-05,LinkedIn,1181,696,183,42,11,2,0,0,140,0,0,168
50317,2024-04-29,Facebook,4155,2035,544,35,290,2,0,0,157,0,0,188
50318,2024-04-22,Instagram,1430,1029,156,41,200,3,0,0,267,2,180,320
50319,2024-05-29,LinkedIn,2068,992,437,4,20,3,0,0,494,4,252,592
50320,2024-05-01, instagram ,3325,2061,333,43,99,1,0,0,253,7,777,303
50321,2024-05-26,youtube,347,256,66,1,20,1,6874,21371,121,0,0,145
50322,04/21/2024,YouTube,4007,2844,366,41,200,3,1591,48230,85,0,0,102
50323,2024-04-04,Facebook,4640,2876,191,8,139,2,0,0,142,0,0,170
50324,2024-04-02, instagram ,3545,2304,564,-1,425,3,0,0,279,0,0,334
50325,03/10/2024,LinkedIn,1080,874,744,37,54,1,0,0,326,0,0,391
50326,2024-03-21,youtube,4291,2231,595,36,42,1,2831,28507,110,0,0,132
50327,2024-04-23,Instagram,3384,1421,423,36,169,0,0,0,100,0,0,120
50328,2024-04-05,youtube,3204,2242,418,24,224,1,3508,41759,78,0,0,93
50329,2024-04-17,Facebook,3724,1526,454,4,74,1,0,0,368,0,0,441
50330,2024-03-25,LinkedIn,632,518,314,5,69,3,0,0,384,0,0,460
50331,2024-05-15, instagram ,2851,2052,365,27,114,3,0,0,465,8,240,558
50332,2024-05-20,youtube,3895,2142,46,2,389,2,3829,13407,283,0,0,339
50333,2024-05-21,Instagram,1284,783,752,1,12,1,0,0,300,7,,360
50334,2024-04-04,YouTube,327,274,91,13,45,3,7211,15350,104,4,564,124
50335,2024-05-02,Instagram,-2893,2140,507,38,405,2,0,0,428,0,0,513
50336,2024-03-21,LinkedIn,4373,2186,181,8,262,2,0,0,305,5,470,366
50337,2024-05-20,Instagram,3703,1629,16,11,370,1,0,0,361,0,0,433
50338,2024-03-24,Instagram,4005,2122,61,18,520,2,0,0,374,0,0,448
50339,2024-05-01,Instagram,561,403,118,41,16,0,0,0,56,0,0,67
50340,2024-05-20,YouTube,2361,1109,206,17,259,0,7252,13775,84,0,0,100
50341,2024-03-12, instagram ,4065,1666,125,23,365,0,0,0,479,0,0,574
50342,2024-05-19,Facebook,2267,2017,281,5,68,2,0,0,64,9,558,76
50343,2024-04-21, instagram ,576,397,707,23,57,0,0,0,481,0,0,577
50344,2024-03-19,LinkedIn,723,571,665,17,101,3,0,0,65,0,0,78
50345,2024-05-02,Facebook,4375,1837,605,24,131,2,0,0,481,4,,577
50346,2024-04-13, instagram ,1361,1075,270,0,149,3,0,0,265,0,0,318
50347,2024-05-10,Instagram,4487,3230,799,16,583,3,0,0,331,8,1192,397
50348,2024-03-10,LinkedIn,1344,1142,375,38,26,0,0,0,139,0,0,166
50349,2024-04-05,Instagram,4503,2701,584,29,540,1,0,0,376,6,624,451
50350,2024-03-07,Instagram,3491,1989,564,-4,104,0,0,0,373,0,0,447
50351,2024-05-02,LinkedIn,2178,1481,385,7,261,3,0,0,318,0,0,381
50352,2024-05-06,Instagram,4219,2531,40,-1,168,0,0,0,453,0,0,543
50353,2024-03-15,Facebook,3703,2184,637,36,333,2,0,0,138,9,1161,165
50354,05/06/2024,YouTube,2243,919,358,-2,134,1,5978,10908,485,0,0,582
50355,2024-05-27,youtube,3494,2690,431,47,209,1,2776,6554,209,8,728,250
50356,2024-03-17,youtube,168,78,270,38,3,3,5851,8777,133,0,0,159
50357,2024-04-04, instagram ,4179,2758,250,6,41,0,0,0,485,0,0,582
50358,2024-05-04,youtube,652,352,343,29,78,3,7927,11401,321,0,0,385
50359,2024-04-27,LinkedIn,722,541,561,35,43,1,0,0,445,8,984,534
50360,2024-04-11,LinkedIn,-4254,1871,161,34,42,1,0,0,321,0,0,385
50361,2024-05-23,Instagram,1354,568,266,41,189,2,0,0,326,3,309,391
50362,2024-03-14,Facebook,3165,1645,606,7,253,0,0,0,363,0,0,435
50363,2024-04-17,LinkedIn,3639,2802,329,25,36,2,0,0,381,0,0,457
50364,2024-05-13, instagram ,2925,2515,489,3,351,2,0,0,340,0,0,408
50365,2024-03-10,Facebook,2043,1736,691,-2,143,2,0,0,324,0,0,388
50366,2024-03-18, instagram ,2840,1476,364,35,142,3,0,0,237,0,0,284
50367,2024-04-17,youtube,4471,3353,632,46,44,2,4940,39442,342,0,0,410
50368,2024-05-04, instagram ,297,210,253,43,8,2,0,0,159,8,840,190
50369,2024-04-21,LinkedIn,4835,3868,519,48,483,0,0,0,132,6,390,158
50370,2024-05-05,Facebook,3889,2877,366,26,505,0,0,0,151,0,0,181
50371,2024-05-07,LinkedIn,337,144,179,34,16,1,0,0,241,0,0,289
50372,2024-05-17, instagram ,2992,1825,35,23,269,3,0,0,435,0,0,522
50373,2024-03-26,youtube,4412,3264,170,11,44,3,5638,11981,301,0,0,361
50374,2024-03-24,YouTube,4313,1768,501,22,215,1,2741,47803,105,0,0,126
50375,2024-03-20,Facebook,3092,2009,508,-3,309,1,0,0,404,0,0,484
50376,2024-03-15,YouTube,745,514,792,15,14,0,6811,12468,325,0,0,390
50377,2024-05-04,LinkedIn,590,336,179,12,41,0,0,0,334,0,0,400
50378,2024-05-24,youtube,2437,1047,660,25,97,3,1642,37811,83,0,0,99
50379,2024-03-09,LinkedIn,-1193,512,361,36,47,2,0,0,473,0,0,567
50380,2024-03-09, instagram ,3941,2995,724,32,39,1,0,0,240,0,0,288
50381,2024-04-01,YouTube,4581,1969,186,24,229,1,2708,9148,274,0,0,328
50382,2024-03-01,Instagram,-4914,2014,228,16,589,2,0,0,262,1,55,314
50383,2024-04-22,LinkedIn,4594,2388,298,44,45,3,0,0,240,0,0,288
50384,2024-03-21,Facebook,611,317,339,4,24,1,0,0,178,8,928,213
50385,2024-03-01,Facebook,2391,1697,473,13,71,3,0,0,367,0,0,440
50386,2024-04-20,Instagram,4703,2398,370,3,188,3,0,0,484,0,0,580
50387,2024-03-14,LinkedIn,3253,2374,352,38,422,2,0,0,291,0,0,349
50388,2024-03-23,LinkedIn,1632,1256,689,36,16,3,0,0,472,0,0,566
50389,2024-04-22,youtube,1052,568,402,49,136,1,1732,22454,491,0,0,589
50390,2024-03-11,YouTube,4866,4282,427,22,194,2,4631,5816,93,4,196,111
50391,2024-03-01,YouTube,3305,2346,593,16,99,1,1109,17693,443,0,0,531
50392,2024-03-06,Instagram,1088,696,642,-3,97,2,0,0,281,0,0,337
50393,2024-05-20,YouTube,4997,3547,255,47,99,1,4942,10552,405,0,0,486
50394,2024-05-21,youtube,2919,2597,494,43,291,2,2474,14689,470,2,270,564
50395,2024-04-12,LinkedIn,1692,1319,480,38,135,3,0,0,200,0,0,240
50396,2024-04-23,Instagram,3089,2224,330,12,401,1,0,0,90,0,0,108
50397,03/03/2024,LinkedIn,-2969,1484,406,4,148,3,0,0,82,6,,98
50398,2024-03-26, instagram ,4067,1708,555,20,488,2,0,0,156,0,0,187
50399,2024-03-26,Instagram,961,749,428,46,134,0,0,0,407,9,576,488
50400,04/13/2024,Instagram,1590,1319,15,-4,47,2,0,0,217,0,0,260
50401,2024-04-01,YouTube,2939,1763,408,28,352,1,4649,24850,77,0,0,92
50402,2024-03-06, instagram ,3509,1438,172,15,350,2,0,0,442,3,300,530
50403,2024-05-26,Facebook,4389,2106,526,17,570,0,0,0,286,0,0,343
50404,2024-05-13,Instagram,1574,676,255,46,188,2,0,0,431,3,402,517
50405,2024-03-23,Instagram,3210,1284,428,12,128,3,0,0,374,0,0,448
50406,2024-03-16,YouTube,3056,2505,717,5,61,3,5430,25164,266,3,174,319
50407,2024-05-10,Instagram,4740,2322,294,47,521,1,0,0,273,0,0,327
50408,2024-04-29,Instagram,1757,1089,428,31,17,3,0,0,212,4,476,254
50409,2024-04-04,youtube,1269,1015,158,0,38,2,9795,2793,345,0,0,414
50410,2024-05-19,LinkedIn,4179,1796,715,44,501,0,0,0,160,0,0,192
50411,2024-05-14, instagram ,1171,983,331,20,163,3,0,0,460,0,0,552
50412,2024-04-07, instagram ,2419,1644,509,10,338,1,0,0,189,0,0,226
50413,2024-03-04,LinkedIn,2725,1417,667,3,163,3,0,0,333,0,0,399
50414,2024-04-27,Instagram,4329,2294,431,15,216,1,0,0,174,3,273,208
50415,2024-04-15,LinkedIn,1131,599,743,5,79,0,0,0,483,0,0,579
50416,2024-03-16,YouTube,1901,1102,269,40,19,2,2689,33467,421,0,0,505
50417,2024-05-22,Instagram,785,439,704,8,86,3,0,0,494,0,0,592
50418,2024-04-12,LinkedIn,1554,823,373,18,217,0,0,0,292,0,0,350
50419,2024-04-19,Instagram,346,190,391,-3,24,3,0,0,432,0,0,518
50420,2024-04-03,youtube,3978,3102,564,36,198,1,4421,43863,366,9,450,439
50421,2024-05-17,Facebook,1249,836,616,16,137,3,0,0,432,0,0,518
50422,2024-05-26,YouTube,3014,2350,530,31,301,1,4400,11116,50,0,0,60
50423,2024-03-10,Instagram,936,758,459,21,74,3,0,0,323,0,0,387
50424,2024-05-09,youtube,4074,3462,644,21,203,1,1281,1551,117,7,231,140
50425,2024-03-21,LinkedIn,3772,2791,166,15,414,1,0,0,239,8,392,286
50426,2024-05-05,YouTube,1343,590,796,9,161,3,7594,44993,99,7,448,118
50427,2024-03-23,Instagram,4771,3244,90,-1,524,2,0,0,70,0,0,84
50428,2024-03-22,LinkedIn,-2183,1615,33,37,152,3,0,0,481,0,0,577
50429,2024-03-08,Facebook,627,438,432,24,50,3,0,0,340,5,485,408
50430,2024-05-25,LinkedIn,2406,1154,530,6,264,1,0,0,320,0,0,384
50431,2024-03-28,Facebook,586,316,536,13,82,1,0,0,397,0,0,476
50432,2024-05-08,Instagram,2382,1262,727,-5,71,3,0,0,73,0,0,87
50433,2024-05-13, instagram ,3903,3005,672,29,39,0,0,0,227,8,448,272
50434,2024-04-28,Facebook,4692,2346,785,49,281,1,0,0,266,0,0,319
50435,2024-03-01,Facebook,3932,3302,125,44,550,0,0,0,182,0,0,218
50436,2024-05-11,LinkedIn,3482,1427,697,8,243,2,0,0,139,0,0,166
50437,2024-04-16,youtube,969,639,213,-1,19,0,971,17494,427,0,0,512
50438,2024-03-05,Instagram,4012,2808,111,-3,120,2,0,0,149,0,0,178
50439,2024-03-11,Instagram,4048,2469,651,18,404,3,0,0,275,7,252,330
50440,2024-03-18,YouTube,4905,3973,123,39,196,0,5108,20145,165,0,0,198
50441,2024-04-19,Instagram,4675,4020,426,29,233,2,0,0,235,0,0,282
50442,2024-05-24,YouTube,4208,2566,632,47,336,3,8149,15738,119,3,99,142
50443,2024-03-15, instagram ,2772,1302,693,20,166,2,0,0,410,3,243,492
50444,2024-04-17,YouTube,1631,1141,665,1,130,3,9904,39273,221,0,0,265
50445,2024-03-24,YouTube,1050,672,780,3,126,0,2237,21336,396,0,0,475
50446,2024-03-02,YouTube,4705,3669,576,46,658,0,588,47657,299,0,0,358
50447,2024-04-07,youtube,1061,827,483,12,84,0,7747,5860,243,0,0,291
50448,2024-05-06,LinkedIn,759,356,258,24,60,0,0,0,370,5,160,444
50449,2024-05-05, instagram ,1848,1182,578,-3,147,1,0,0,130,7,210,156
50450,2024-04-16,LinkedIn,4371,3496,728,1,437,1,0,0,94,0,0,112
50451,2024-04-10,YouTube,2905,1626,302,-1,290,3,844,18704,359,0,0,430
50452,2024-04-19,youtube,3316,1624,365,49,99,3,5386,31048,347,3,,416
50453,2024-04-13,Instagram,2704,1324,536,8,189,3,0,0,370,0,,444
50454,2024-03-15,LinkedIn,2785,1671,429,15,362,3,0,0,431,0,0,517
50455,2024-04-07, instagram ,2485,1093,531,18,347,2,0,0,300,0,0,360
50456,2024-03-29,YouTube,3239,2364,415,19,421,3,7255,7688,381,0,0,457
50457,2024-03-14,youtube,2507,1027,403,49,350,1,4936,29242,127,8,416,152
50458,2024-03-14,Instagram,-1521,1171,107,12,76,1,0,0,279,4,292,334
50459,2024-03-03,LinkedIn,4756,1949,154,5,570,3,0,0,322,2,284,386
50460,2024-03-02,YouTube,4409,2865,55,33,132,1,3204,26965,133,0,0,159
50461,2024-03-06, instagram ,832,732,360,8,66,2,0,0,483,0,0,579
50462,2024-05-23,Facebook,-3413,2184,401,36,238,1,0,0,390,0,0,468
50463,2024-04-14,YouTube,4176,3299,12,4,459,0,1740,41990,306,1,54,367
50464,2024-03-18,youtube,1844,866,137,42,129,1,8513,29215,486,8,264,583
50465,2024-03-03,Instagram,4512,3429,547,14,135,0,0,0,452,0,0,542
50466,2024-03-25,LinkedIn,667,406,98,12,33,3,0,0,402,0,0,482
50467,2024-05-08,Instagram,4056,1865,568,-3,324,0,0,0,241,0,0,289
50468,2024-05-25,Facebook,2893,1504,134,11,28,2,0,0,373,0,0,447
50469,2024-05-15,YouTube,2108,1391,604,19,21,2,806,40016,278,0,,333
50470,2024-04-27,YouTube,849,500,458,36,93,0,521,15274,384,0,0,460
50471,2024-04-09, instagram ,3506,2909,63,11,420,2,0,0,464,0,0,556
50472,2024-04-17,Instagram,2886,1240,789,36,57,1,0,0,172,0,0,206
50473,2024-04-11,LinkedIn,193,154,799,-2,7,0,0,0,64,6,390,76
50474,2024-04-11, instagram ,4969,2732,388,35,347,0,0,0,274,1,69,328
50475,2024-05-23, instagram ,3972,2224,26,21,397,0,0,0,398,0,0,477
50476,2024-04-08, instagram ,4917,3589,665,15,49,3,0,0,72,7,406,86
50477,2024-04-23, instagram ,1031,732,95,-1,134,2,0,0,253,0,0,303
50478,2024-03-20,Instagram,1197,598,484,49,95,0,0,0,345,1,140,414
50479,2024-05-07, instagram ,430,197,470,39,60,0,0,0,442,4,428,530
50480,2024-03-24,Facebook,2111,1456,349,39,168,0,0,0,416,0,0,499
50481,2024-05-25,Instagram,4075,1996,606,42,366,3,0,0,103,4,440,123
50482,2024-03-05,LinkedIn,1842,1197,323,16,239,2,0,0,358,9,360,429
50483,2024-04-24,youtube,4374,2012,231,47,349,1,4551,34161,330,0,0,396
50484,2024-05-08,Facebook,4933,3354,159,33,295,2,0,0,296,0,0,355
50485,2024-05-13,youtube,3345,2174,389,23,401,0,1176,5684,372,0,0,446
50486,2024-04-11,Facebook,2623,1652,226,46,288,2,0,0,234,0,0,280
50487,2024-04-24,LinkedIn,2493,1745,731,35,99,1,0,0,463,0,0,555
50488,2024-05-20,Instagram,3865,2589,727,-1,425,2,0,0,325,0,0,390
50489,2024-05-27,YouTube,205,143,371,20,24,1,4294,16829,468,2,160,561
50490,2024-04-15,youtube,4333,3553,96,-2,606,1,5170,42212,367,0,0,440
50491,2024-04-23,LinkedIn,1426,1012,292,4,128,0,0,0,291,0,0,349
50492,2024-05-20,LinkedIn,3762,3348,721,48,150,0,0,0,499,0,0,598
50493,2024-04-26,YouTube,2080,1102,677,19,270,0,9231,12508,117,0,0,140
50494,2024-03-19,Instagram,2140,1498,401,12,21,0,0,0,121,3,150,145
50495,04/19/2024,Instagram,4974,4377,29,22,149,3,0,0,235,0,0,282
50496,2024-05-15, instagram ,2474,1979,634,48,272,3,0,0,214,8,680,256
50497,2024-05-06, instagram ,3289,1677,549,1,131,0,0,0,423,7,,507
50498,2024-04-24,youtube,2733,1311,589,15,327,1,6146,36254,408,8,1064,489
50499,2024-03-10,Facebook,1432,758,530,7,171,2,0,0,120,0,0,144
50500,2024-04-17,youtube,3841,3341,738,45,153,1,4035,16206,215,5,680,258
50501,2024-04-03, instagram ,3072,1751,407,35,153,2,0,0,335,0,0,402
50502,2024-03-16,YouTube,1027,708,184,-1,133,1,6570,44135,368,0,0,441
50503,2024-05-04, instagram ,3666,1686,10,39,256,0,0,0,369,4,316,442
50504,2024-05-09,YouTube,766,513,439,12,38,3,3853,23046,230,7,756,276
50505,2024-04-07,youtube,3849,2925,679,35,115,0,858,1833,442,6,540,530
50506,2024-03-11,Facebook,4146,2404,56,16,373,3,0,0,218,0,0,261
50507,2024-04-16,LinkedIn,212,135,301,19,2,3,0,0,402,0,0,482
50508,2024-04-08, instagram ,4724,2881,531,28,519,2,0,0,475,8,744,570
50509,04/12/2024,YouTube,1477,797,401,49,147,2,636,30153,487,9,666,584
50510,2024-04-19,Instagram,1260,907,593,3,12,0,0,0,402,5,730,482
50511,2024-03-30,LinkedIn,3709,2188,211,6,445,1,0,0,81,9,1179,97
50512,2024-05-09,Facebook,1205,662,361,45,96,3,0,0,188,0,0,225
50513,2024-05-11,YouTube,2005,1543,521,38,140,2,5014,28990,200,7,350,240
50514,2024-03-29,YouTube,141,118,304,35,7,1,4344,37419,347,0,0,416
50515,2024-03-09,youtube,2335,1564,79,-3,256,1,6829,30727,344,0,0,412
50516,2024-03-23,Facebook,4176,2839,566,44,501,3,0,0,85,0,0,102
50517,2024-03-19,YouTube,1439,690,116,11,28,1,2705,17614,424,0,0,508
50518,2024-03-30,Instagram,1956,1173,743,43,58,1,0,0,227,0,0,272
50519,2024-05-05, instagram ,2317,1436,95,1,231,0,0,0,55,2,114,66
50520,2024-05-06, instagram ,380,304,599,2,53,2,0,0,241,6,408,289
50521,2024-04-06,YouTube,4048,2631,436,1,161,3,6751,48275,331,3,201,397
50522,2024-03-03, instagram ,2130,915,794,36,234,2,0,0,415,1,51,498
50523,2024-05-23,YouTube,4149,2904,345,14,580,2,7214,45232,229,0,0,274
50524,2024-04-02,YouTube,2976,2053,30,15,148,1,8064,5365,456,0,0,547
50525,2024-03-15, instagram ,110,78,390,30,4,2,0,0,394,7,336,472
50526,2024-04-23,Facebook,3398,2786,480,44,101,3,0,0,435,6,762,522
50527,2024-03-21,LinkedIn,1611,821,553,17,209,0,0,0,445,0,0,534
50528,2024-05-19,Instagram,3318,2787,398,6,331,1,0,0,224,0,0,268
50529,2024-03-14,youtube,4209,3619,178,24,378,0,8563,18555,148,8,1160,177
50530,2024-03-26,LinkedIn,174,85,79,45,22,3,0,0,157,0,0,188
50531,2024-05-28,YouTube,3836,2953,778,32,230,2,3292,13805,235,0,0,282
50532,2024-04-09,YouTube,365,273,221,26,43,3,3071,49392,463,9,1314,555
50533,2024-04-18,LinkedIn,2865,1146,174,40,286,3,0,0,177,7,868,212
50534,2024-03-23, instagram ,4384,2761,25,27,438,0,0,0,422,0,0,506
50535,2024-03-26,Instagram,3738,1906,637,45,112,2,0,0,239,0,0,286
50536,2024-05-28,Facebook,880,572,300,31,70,0,0,0,92,2,286,110
50537,2024-05-06, instagram ,4187,3517,509,25,460,0,0,0,296,0,0,355
50538,2024-04-04, instagram ,3115,2460,584,32,373,2,0,0,483,0,0,579
50539,2024-03-21,Facebook,4269,2219,713,-5,170,3,0,0,486,0,0,583
50540,2024-03-03,YouTube,3370,2359,623,38,337,1,5611,8344,472,0,0,566
50541,2024-03-20,youtube,4946,3264,253,20,98,1,2051,38871,123,0,0,147
50542,2024-03-27, instagram ,323,193,761,21,45,3,0,0,284,0,0,340
50543,2024-03-25, instagram ,4977,3832,584,9,348,0,0,0,371,5,,445
50544,2024-04-26,YouTube,-2260,1491,521,31,67,1,3888,13984,191,0,0,229
50545,2024-05-22,Facebook,4464,3348,394,29,624,1,0,0,215,0,0,258
50546,2024-05-26,Facebook,4699,2208,359,32,93,0,0,0,349,0,0,418
50547,2024-04-14,Instagram,1220,597,596,7,12,0,0,0,303,2,166,363
50548,2024-03-15,youtube,667,466,325,24,33,0,1193,28666,182,0,0,218
50549,2024-05-13,youtube,-2357,2050,72,28,188,1,6817,45893,338,0,0,405
50550,05/26/2024,Facebook,4331,3248,624,26,173,3,0,0,104,2,210,124
50551,2024-05-12,Instagram,2479,2007,366,8,49,0,0,0,133,0,0,159
50552,2024-05-20,LinkedIn,433,294,270,37,12,2,0,0,304,7,840,364
50553,2024-05-14,youtube,4350,2262,93,-4,130,0,2169,27758,371,0,0,445
50554,2024-05-27, instagram ,395,213,695,-1,3,0,0,0,343,0,0,411
50555,2024-03-09, instagram ,1457,757,582,16,203,2,0,0,219,0,0,262
50556,2024-03-02,youtube,1433,1232,155,-2,28,3,4739,27708,479,0,0,574
50557,2024-04-15,LinkedIn,3547,1560,681,48,354,2,0,0,478,0,0,573
50558,2024-03-17,YouTube,1055,432,407,39,52,0,5599,20311,499,0,0,598
50559,2024-04-01,Instagram,616,511,701,6,49,3,0,0,127,0,0,152
50560,03/18/2024,Facebook,3122,1654,728,12,93,3,0,0,161,0,0,193
50561,2024-03-28,Facebook,3402,2891,314,28,238,3,0,0,427,0,0,512
50562,2024-04-04,youtube,3028,2301,106,13,181,3,1282,2778,419,0,0,502
50563,2024-03-29,youtube,1498,763,585,-4,209,1,2410,19112,372,3,126,446
50564,2024-03-21,youtube,2002,980,361,38,180,3,2730,4328,336,4,324,403
50565,2024-04-16,LinkedIn,822,682,527,41,106,1,0,0,291,0,0,349
50566,2024-05-28,LinkedIn,3793,2199,555,25,75,0,0,0,134,0,0,160
50567,2024-03-30, instagram ,4702,3996,190,38,188,2,0,0,198,0,0,237
50568,2024-05-19,Facebook,4767,3575,562,-1,381,2,0,0,344,2,150,412
50569,2024-03-14,YouTube,-893,750,450,1,98,3,7305,49936,385,0,0,462
50570,2024-03-22,Facebook,1297,726,135,36,116,3,0,0,438,0,0,525
50571,2024-05-10,LinkedIn,3455,2176,714,36,483,0,0,0,473,0,0,567
50572,2024-05-03,LinkedIn,500,380,204,39,40,1,0,0,117,9,999,140
50573,2024-03-03,YouTube,3076,2645,744,3,153,0,569,7002,341,3,126,409
50574,2024-05-24,youtube,4220,2658,560,34,548,0,2652,26656,160,0,0,192
50575,2024-04-24,Facebook,645,432,237,11,51,2,0,0,215,6,606,258
50576,2024-03-20,Facebook,328,157,91,23,26,0,0,0,474,0,0,568
50577,2024-03-10,YouTube,4566,3789,524,0,639,1,6309,33114,146,0,0,175
50578,2024-03-10,YouTube,4926,2709,457,13,295,0,6820,5080,348,2,260,417
50579,2024-05-23, instagram ,2750,2035,577,44,55,1,0,0,192,0,0,230
50580,2024-03-26,LinkedIn,4206,2565,279,34,210,2,0,0,167,8,440,200
50581,2024-05-17, instagram ,1199,839,326,35,59,0,0,0,233,0,,279
50582,2024-03-23,Facebook,609,511,637,7,54,1,0,0,237,8,824,284
50583,2024-04-09,YouTube,1747,1292,334,1,174,0,3703,19037,296,4,324,355
50584,2024-05-18,Instagram,2109,906,608,12,231,0,0,0,159,0,0,190
50585,2024-05-11, instagram ,3270,2223,66,10,98,2,0,0,106,8,976,127
50586,2024-03-11,youtube,2895,1679,24,12,289,0,3960,4971,133,0,0,159
50587,04/01/2024,YouTube,2937,2290,233,35,381,3,4807,35753,353,3,162,423
50588,2024-04-17,youtube,4839,3822,621,33,338,0,7330,14856,269,0,0,322
50589,2024-05-18,youtube,846,736,388,40,67,0,8058,45452,189,0,0,226
50590,2024-03-09,Facebook,1890,907,239,26,75,3,0,0,99,0,0,118
50591,2024-05-19,Facebook,1198,646,390,15,143,3,0,0,71,5,705,85
50592,2024-04-05,YouTube,4432,1994,323,22,443,1,3193,29255,146,0,0,175
50593,2024-03-25,YouTube,4550,2184,238,18,136,1,8089,13384,298,0,0,357
50594,2024-04-22,YouTube,1498,629,547,13,209,1,1099,35144,473,0,0,567
50595,2024-03-01,youtube,2164,1146,73,33,43,1,4357,27011,194,9,1008,232
50596,2024-03-20,Instagram,3656,2449,631,27,402,2,0,0,281,6,522,337
50597,2024-03-02,YouTube,3848,1693,214,-1,307,2,4403,44228,335,1,130,402
50598,2024-04-12,YouTube,3212,2216,697,19,224,1,7000,29951,304,0,0,364
50599,2024-04-09,LinkedIn,2027,1743,114,13,40,0,0,0,273,0,0,327
50600,2024-05-05,Facebook,3681,1693,122,49,257,1,0,0,403,3,336,483
50601,2024-05-24,youtube,4800,3600,566,33,240,0,4745,17465,497,0,0,596
50602,2024-05-10,youtube,4776,3677,407,42,286,3,9408,49651,451,0,0,541
50603,2024-05-09,Instagram,2068,1240,572,19,227,0,0,0,275,3,372,330
50604,2024-05-24,Instagram,1672,702,577,29,183,1,0,0,152,0,0,182
50605,2024-05-12, instagram ,4269,3585,187,35,213,2,0,0,112,8,456,134
50606,2024-04-14,YouTube,3187,1784,48,26,223,3,5718,36677,117,0,0,140
50607,2024-04-17,Facebook,1185,971,199,18,154,3,0,0,445,0,0,534
50608,2024-03-19, instagram ,2597,2233,521,44,207,1,0,0,348,2,248,417
50609,2024-03-07,YouTube,2684,1368,431,4,80,2,4169,13716,116,0,0,139
50610,2024-05-26, instagram ,1800,936,367,15,216,2,0,0,50,0,0,60
50611,2024-05-01,Facebook,3708,3040,32,-2,74,3,0,0,374,3,447,448
50612,2024-04-14,youtube,116,59,219,38,2,3,9242,31478,263,0,0,315
50613,2024-05-27, instagram ,3550,2840,23,48,426,1,0,0,212,0,0,254
50614,2024-05-26,Instagram,796,326,639,2,23,0,0,0,377,0,0,452
50615,2024-03-21,Instagram,513,364,144,-3,35,1,0,0,238,0,0,285
50616,2024-04-22,LinkedIn,1456,626,506,47,43,0,0,0,321,0,0,385
50617,2024-05-05, instagram ,2225,1824,129,29,289,0,0,0,407,0,0,488
50618,2024-03-17,Instagram,2777,1860,126,29,111,1,0,0,324,0,0,388
50619,2024-03-30,Facebook,1071,824,241,34,53,2,0,0,244,0,0,292
50620,2024-05-15,LinkedIn,1314,748,351,49,78,1,0,0,242,0,0,290
50621,2024-04-27,Facebook,1535,828,451,24,76,2,0,0,359,9,1143,430
50622,2024-05-16,LinkedIn,3934,3343,333,36,157,0,0,0,136,0,0,163
50623,2024-05-01,LinkedIn,868,442,525,16,43,1,0,0,406,0,0,487
50624,2024-05-03,LinkedIn,3132,1409,137,21,250,1,0,0,266,1,137,319
50625,2024-03-10,LinkedIn,3001,2610,11,14,270,3,0,0,311,8,760,373
50626,2024-05-27,youtube,4228,2748,701,40,507,3,7903,45365,122,0,0,146
50627,2024-05-08,Instagram,1311,1127,272,27,104,3,0,0,202,0,0,242
50628,2024-03-30,youtube,3617,2351,420,4,36,1,2429,14768,78,0,0,93
50629,2024-04-09,youtube,2146,1351,344,12,107,3,6623,6737,204,0,0,244
50630,2024-05-09,LinkedIn,4842,2372,174,22,290,3,0,0,368,0,0,441
50631,2024-05-15,YouTube,416,349,41,30,37,1,9088,31135,343,0,0,411
50632,2024-03-11,youtube,154,83,307,14,1,2,2690,3868,273,0,0,327
50633,2024-04-01, instagram ,1732,1402,699,10,69,2,0,0,115,0,0,138
50634,2024-03-23,Facebook,970,669,528,-1,135,2,0,0,259,0,0,310
50635,2024-05-28,Instagram,3217,1962,256,11,32,0,0,0,81,3,90,97
50636,2024-03-14, instagram ,3610,1588,785,17,252,0,0,0,126,0,0,151
50637,2024-03-31,LinkedIn,2308,1615,207,20,323,0,0,0,105,3,156,126
50638,2024-03-16,YouTube,1994,1355,334,39,179,2,3597,34695,305,0,0,366
50639,2024-03-09, instagram ,3635,1708,511,38,218,1,0,0,464,6,672,556
50640,2024-05-11,YouTube,415,332,147,40,49,3,5563,15718,332,9,1008,398
50641,2024-04-25,youtube,1695,1067,693,37,135,2,2931,46894,339,2,280,406
50642,2024-05-20,Facebook,4489,3232,346,9,89,3,0,0,134,0,0,160
50643,2024-05-08,Instagram,4863,2334,585,24,243,3,0,0,403,0,0,483
50644,2024-03-17,Instagram,1957,1330,526,-4,273,2,0,0,90,0,0,108
50645,2024-05-01,youtube,2720,2284,630,4,217,3,2849,38093,200,0,0,240
50646,2024-04-03,YouTube,-1921,1632,61,43,134,1,621,22770,420,0,0,504
50647,2024-03-05,YouTube,1504,1248,790,15,30,2,6661,37228,79,0,0,94
50648,2024-03-16, instagram ,2940,2028,254,12,264,3,0,0,246,8,560,295
50649,2024-05-16, instagram ,1505,1083,757,21,105,1,0,0,59,0,0,70
50650,2024-05-12,Instagram,-1578,1404,527,-5,94,1,0,0,264,0,0,316
50651,2024-04-08,LinkedIn,3979,2307,418,43,477,3,0,0,474,5,555,568
50652,2024-04-20,YouTube,418,225,794,26,54,2,3763,34938,107,0,0,128
50653,2024-05-01,Facebook,166,106,434,27,6,2,0,0,247,0,0,296
50654,2024-04-14,Facebook,514,426,218,-1,66,2,0,0,271,0,0,325
50655,2024-05-01,LinkedIn,148,111,321,16,11,2,0,0,472,0,0,566
50656,2024-03-29,Facebook,3308,2315,278,41,363,0,0,0,209,0,0,250
50657,2024-03-20,Facebook,2434,1728,117,27,121,3,0,0,488,8,1056,585
50658,2024-03-11,youtube,3210,2375,469,42,224,0,4312,28652,320,0,0,384
50659,2024-05-08,YouTube,1844,885,622,14,110,1,8089,48444,437,5,590,524
50660,2024-04-07,Facebook,592,325,630,5,29,0,0,0,485,1,94,582
50661,2024-05-21,LinkedIn,-4762,2476,461,2,238,3,0,0,255,9,927,306
50662,2024-05-07,Facebook,3435,2301,289,49,480,1,0,0,111,0,0,133
50663,2024-03-26,youtube,965,829,766,1,9,3,2701,18095,171,0,0,205
50664,2024-05-20,LinkedIn,2925,1462,336,49,351,0,0,0,357,0,0,428
50665,2024-05-15,Facebook,2689,1855,116,5,268,2,0,0,71,0,0,85
50666,2024-03-30, instagram ,3800,2090,227,8,456,2,0,0,301,0,0,361
50667,2024-03-10,Facebook,951,380,779,16,114,1,0,0,93,0,0,111
50668,2024-05-20,Instagram,2396,1605,119,23,263,3,0,0,124,0,,148
50669,2024-05-20,youtube,-3634,2907,75,28,254,0,1961,37282,454,0,0,544
50670,2024-03-12,Instagram,383,329,302,12,7,1,0,0,138,0,0,165
50671,2024-04-18,LinkedIn,1918,1611,655,3,249,2,0,0,457,0,0,548
50672,2024-05-05, instagram ,4888,3812,263,-3,586,1,0,0,282,5,230,338
50673,2024-04-24,Instagram,813,382,492,19,56,0,0,0,345,5,275,414
50674,2024-04-12,Facebook,1150,678,556,23,103,2,0,0,486,0,0,583
50675,2024-03-26, instagram ,1800,1188,91,17,90,1,0,0,113,0,0,135
50676,2024-03-29,youtube,4159,3119,51,-3,374,1,9274,21445,363,9,1035,435
50677,2024-05-19,YouTube,4065,2195,422,1,406,0,9796,9482,115,0,0,138
50678,2024-05-23,Facebook,702,624,15,39,84,2,0,0,464,0,,556
50679,2024-04-14,Facebook,4157,2868,545,24,457,0,0,0,68,0,0,81
50680,2024-05-17,LinkedIn,1051,567,126,3,94,2,0,0,73,0,0,87
50681,2024-03-15, instagram ,1067,885,786,21,96,0,0,0,102,4,128,122
50682,2024-05-26,youtube,1523,1157,785,4,91,2,6505,34219,437,0,0,524
50683,2024-05-04, instagram ,3146,2265,227,23,125,2,0,0,318,5,375,381
50684,03/12/2024,LinkedIn,3792,2730,367,27,37,3,0,0,494,0,0,592
50685,2024-03-12, instagram ,4584,3208,335,25,183,2,0,0,323,0,0,387
50686,2024-03-12, instagram ,340,217,623,25,40,2,0,0,105,0,0,126
50687,2024-05-27, instagram ,447,388,74,28,62,2,0,0,303,0,0,363
50688,2024-04-12,Facebook,3870,3173,35,46,77,1,0,0,453,0,0,543
50689,2024-03-08,LinkedIn,2758,1489,601,10,358,3,0,0,326,0,0,391
50690,2024-03-11,Instagram,4256,2723,554,15,468,0,0,0,351,1,134,421
50691,2024-05-12,Instagram,2279,1299,733,49,45,0,0,0,215,0,0,258
50692,2024-04-10,LinkedIn,513,410,775,4,46,3,0,0,188,0,0,225
50693,2024-05-12,Instagram,4394,2636,451,0,175,3,0,0,80,0,0,96
50694,2024-03-04,youtube,671,530,728,28,80,3,625,4356,460,2,182,552
50695,2024-04-10,LinkedIn,1476,1239,153,31,44,0,0,0,390,1,63,468
50696,2024-05-16,YouTube,1942,1126,665,0,116,3,9840,24858,127,0,0,152
50697,2024-05-06,YouTube,858,609,523,36,25,1,3034,47624,398,4,468,477
50698,2024-04-13,Facebook,3066,1410,397,31,183,0,0,0,296,4,124,355
50699,2024-04-26,LinkedIn,1076,807,265,48,32,1,0,0,241,1,135,289
50700,2024-04-17,youtube,3223,1804,348,14,161,2,4329,45174,408,0,0,489
50701,2024-03-27,Instagram,791,435,741,24,102,0,0,0,281,0,0,337
50702,2024-04-04,Facebook,4661,1864,45,21,279,2,0,0,159,5,665,190
50703,2024-04-17,Facebook,4533,3309,632,33,407,0,0,0,476,0,0,571
50704,2024-05-13, instagram ,723,484,24,1,79,2,0,0,88,0,0,105
50705,2024-03-04, instagram ,418,317,49,32,58,3,0,0,396,0,0,475
50706,2024-05-17,LinkedIn,1689,1030,757,34,168,2,0,0,233,0,0,279
50707,03/03/2024,LinkedIn,2132,1769,664,25,106,0,0,0,292,0,0,350
50708,2024-05-11,YouTube,1485,831,738,44,118,2,1379,41427,487,4,236,584
50709,2024-05-26,youtube,4745,3653,232,-1,284,3,6489,27526,414,0,0,496
50710,2024-05-20, instagram ,3953,1620,362,37,513,2,0,0,202,0,0,242
50711,2024-03-19, instagram ,3948,1618,525,40,513,0,0,0,330,0,0,396
50712,2024-04-01, instagram ,3792,2237,615,8,265,2,0,0,310,0,0,372
50713,2024-04-08,youtube,2553,1633,148,18,178,0,1325,16220,400,0,0,480
50714,2024-03-23,youtube,2468,1628,648,24,222,0,1763,22078,383,0,0,459
50715,2024-03-07,LinkedIn,3086,2345,34,16,154,3,0,0,449,0,0,538
50716,2024-04-04,YouTube,2314,1295,471,24,46,2,6435,44141,160,0,0,192
50717,2024-05-23,Facebook,3983,2987,474,25,159,1,0,0,150,0,0,180
50718,2024-03-10,Instagram,2940,2263,159,2,58,3,0,0,263,0,0,315
50719,2024-05-05, instagram ,206,138,151,47,28,2,0,0,342,0,0,410
50720,2024-03-10, instagram ,4334,2730,703,23,43,0,0,0,376,0,0,451
50721,2024-05-18, instagram ,3619,1990,593,23,470,1,0,0,380,4,440,456
50722,2024-04-19,youtube,-2603,2056,788,39,260,0,5334,20545,186,0,0,223
50723,2024-05-29,Facebook,391,179,672,5,27,3,0,0,419,6,246,502
50724,2024-03-19,youtube,2538,1091,545,-3,279,3,1131,45346,363,9,738,435
50725,2024-04-14,Facebook,4051,2714,101,-5,405,1,0,0,253,0,0,303
50726,2024-04-19,LinkedIn,1052,915,612,47,147,2,0,0,479,0,0,574
50727,2024-03-13,YouTube,2580,2270,665,0,283,2,2670,33218,153,0,0,183
50728,2024-04-12,Facebook,4341,2474,266,35,477,1,0,0,89,0,0,106
50729,2024-05-23,Facebook,3927,2670,391,43,39,0,0,0,460,8,952,552
50730,2024-05-05,Facebook,1812,1159,390,0,54,0,0,0,444,0,0,532
50731,2024-05-19,YouTube,835,526,250,16,16,0,2591,6299,207,0,0,248
50732,2024-04-20,LinkedIn,987,759,190,11,29,0,0,0,357,0,0,428
50733,2024-05-07,Facebook,268,123,445,25,24,1,0,0,473,6,708,567
50734,2024-03-14,LinkedIn,4845,2761,260,8,532,2,0,0,176,0,0,211
50735,2024-05-10,Instagram,655,327,381,43,32,1,0,0,343,0,0,411
50736,04/19/2024,Facebook,2507,1454,773,48,225,1,0,0,112,0,0,134
50737,2024-03-31,LinkedIn,2533,1266,488,22,177,3,0,0,277,0,0,332
50738,2024-05-02,Instagram,767,460,749,6,76,0,0,0,123,0,0,147
50739,2024-03-01,LinkedIn,3184,2770,331,49,286,0,0,0,117,3,375,140
50740,2024-04-26,youtube,3050,1433,730,39,366,2,2271,29266,165,0,0,198
50741,2024-05-15,Instagram,2312,1757,33,43,184,3,0,0,419,5,250,502
50742,2024-03-13,LinkedIn,2696,1321,631,37,350,1,0,0,140,0,0,168
50743,2024-03-14,Facebook,4432,2481,151,37,310,2,0,0,238,0,0,285
50744,2024-03-30,Instagram,3245,1882,85,19,64,0,0,0,81,1,37,97
50745,2024-03-23,Facebook,2289,1052,647,23,22,2,0,0,426,0,0,511
50746,2024-03-07,Facebook,-2054,944,480,18,267,2,0,0,318,0,0,381
50747,2024-05-25,Instagram,665,319,323,16,6,2,0,0,335,8,1016,402
50748,2024-05-12, instagram ,3868,2823,104,2,541,2,0,0,471,6,432,565
50749,2024-03-09, instagram ,2073,932,672,23,248,0,0,0,173,1,77,207
50750,2024-03-27,YouTube,1108,919,139,26,33,1,9925,41181,398,0,0,477
50751,2024-03-04,Facebook,2726,1172,41,17,272,3,0,0,177,0,0,212
50752,2024-03-05,YouTube,2460,1771,192,-5,73,3,3283,27175,58,0,0,69
50753,2024-05-15,youtube,2681,1126,638,12,375,0,2869,19195,480,0,0,576
50754,2024-04-30,youtube,-520,270,173,24,67,2,8996,21402,404,1,100,484
50755,2024-05-11,youtube,3282,2888,438,9,196,2,4318,20495,436,8,496,523
50756,2024-03-31,LinkedIn,1051,840,505,1,10,3,0,0,115,0,0,138
50757,2024-04-29,YouTube,2855,1341,488,10,285,0,7019,33777,348,0,0,417
50758,2024-03-10,Facebook,2034,1525,718,24,61,3,0,0,420,0,0,504
50759,2024-05-18,YouTube,1898,1442,395,22,75,0,1718,17141,335,0,0,402
50760,2024-05-14,youtube,639,268,190,21,51,1,7777,42169,204,0,0,244
50761,2024-04-17, instagram ,3926,1570,355,16,353,0,0,0,440,9,333,528
50762,2024-05-07, instagram ,101,82,474,-2,5,2,0,0,236,1,146,283
50763,2024-04-28,LinkedIn,3225,1451,522,48,354,0,0,0,223,0,0,267
50764,2024-03-19,LinkedIn,1401,798,82,31,154,1,0,0,463,5,430,555
50765,2024-05-21,LinkedIn,4655,1862,186,6,372,1,0,0,483,0,0,579
50766,2024-04-25,Instagram,765,367,359,42,68,3,0,0,332,0,0,398
50767,2024-04-09,YouTube,963,770,308,7,134,0,5157,45697,479,0,0,574
50768,2024-04-21, instagram ,450,337,527,46,22,1,0,0,374,0,0,448
50769,2024-04-03,LinkedIn,3645,1676,715,12,328,3,0,0,302,0,0,362
50770,2024-03-21,LinkedIn,4448,3069,377,-2,177,3,0,0,416,0,0,499
50771,2024-05-18,youtube,4774,2721,293,1,286,2,3039,42734,120,0,0,144
50772,2024-04-25,YouTube,1354,609,75,9,121,2,2107,37238,110,0,0,132
50773,03/27/2024, instagram ,4374,3236,408,10,481,2,0,0,424,0,0,508
50774,2024-04-13,youtube,3122,1561,580,7,156,0,8029,41286,169,2,208,202
50775,2024-03-09,YouTube,4338,3817,203,21,303,0,7921,40423,362,5,200,434
50776,2024-05-01,Instagram,722,404,177,1,101,3,0,0,468,4,236,561
50777,2024-04-22,YouTube,4266,2815,451,22,511,1,1826,5551,473,0,0,567
50778,2024-05-06,youtube,2504,2203,588,23,275,0,4294,45963,133,0,0,159
50779,2024-04-30,Facebook,519,456,195,-3,51,0,0,0,409,0,0,490
50780,2024-05-01,youtube,3135,1724,584,9,282,0,8561,33594,383,0,0,459
50781,2024-04-18,Facebook,1233,653,604,24,147,1,0,0,275,0,0,330
50782,2024-05-19,YouTube,4260,3195,500,13,426,0,3659,30479,74,0,0,88
50783,2024-04-15,Facebook,4337,2298,699,44,607,0,0,0,467,0,0,560
50784,2024-03-08,Instagram,4909,4319,114,6,638,1,0,0,59,0,0,70
50785,2024-04-26,Instagram,1427,870,95,49,156,0,0,0,249,0,0,298
50786,2024-05-16,youtube,1758,1054,252,8,158,2,5633,15820,179,6,546,214
50787,04/08/2024,Facebook,1911,1509,560,21,152,0,0,0,416,0,0,499
50788,2024-05-25,YouTube,270,189,137,30,16,2,5267,1717,262,0,0,314
50789,2024-04-03,Facebook,2854,1826,795,20,85,0,0,0,92,0,0,110
50790,2024-05-18,youtube,2397,1366,626,14,215,3,8961,12533,498,0,0,597
50791,2024-03-01,LinkedIn,537,332,140,29,26,2,0,0,479,5,735,574
50792,2024-05-18,Facebook,3170,1553,480,7,285,1,0,0,374,0,0,448
50793,2024-04-13, instagram ,4086,3105,79,41,245,0,0,0,71,0,0,85
50794,2024-04-05,youtube,3099,1797,88,15,371,1,812,9333,375,0,0,450
50795,2024-04-29,LinkedIn,4895,2153,349,8,489,0,0,0,245,0,,294
50796,2024-05-22,Facebook,1752,876,509,42,52,3,0,0,121,0,0,145
50797,04/27/2024,Instagram,4720,2643,629,16,566,3,0,0,316,0,0,379
50798,2024-04-03,Facebook,4347,3434,327,1,130,2,0,0,251,0,0,301
50799,2024-05-23,Facebook,2171,1194,381,-3,86,0,0,0,50,3,312,60
50800,2024-04-08,Instagram,777,567,639,49,7,0,0,0,449,0,0,538
50801,2024-05-16,youtube,1427,1198,741,27,128,1,6704,2192,113,8,384,135
50802,2024-05-09,Facebook,1395,1171,352,10,167,2,0,0,471,9,846,565
50803,2024-04-21,Instagram,3741,1982,779,35,74,2,0,0,437,6,258,524
50804,2024-03-17,LinkedIn,1798,1546,485,20,17,3,0,0,420,0,0,504
50805,2024-04-04, instagram ,349,174,457,8,27,1,0,0,236,0,0,283
50806,2024-04-06,youtube,882,485,48,36,52,2,2289,33698,146,8,552,175
50807,2024-04-18,Facebook,1027,513,290,25,133,3,0,0,234,0,0,280
50808,2024-05-20,Facebook,3288,1676,790,21,65,0,0,0,154,2,214,184
50809,2024-04-10,Instagram,2514,1960,29,22,276,0,0,0,132,0,0,158
50810,2024-04-27,youtube,2708,1624,622,24,54,0,1331,46699,122,0,0,146
50811,2024-03-09,Facebook,4565,2967,27,19,639,0,0,0,389,0,0,466
50812,2024-05-19,Instagram,3926,2551,110,-1,353,0,0,0,323,0,0,387
50813,2024-04-20,YouTube,585,479,65,-1,58,0,3759,41566,328,0,0,393
50814,2024-04-04,Instagram,3708,1854,194,46,333,3,0,0,405,5,435,486
50815,2024-03-14,LinkedIn,1967,1357,126,11,39,2,0,0,221,6,810,265
50816,2024-04-12,Instagram,2926,1492,690,-2,204,3,0,0,197,0,0,236
50817,2024-05-28,Facebook,2882,2420,544,37,144,2,0,0,375,0,0,450
50818,2024-04-01,YouTube,409,302,22,12,57,0,9086,17275,312,4,324,374
50819,2024-03-17,Facebook,3690,2952,61,-5,516,1,0,0,97,5,475,116
50820,2024-03-30,Facebook,4657,3399,493,10,139,2,0,0,495,0,0,594
50821,2024-04-22,youtube,2829,2263,268,49,226,3,5717,45622,342,4,556,410
50822,2024-05-02,Instagram,1347,942,246,22,80,1,0,0,453,0,0,543
50823,2024-05-12,YouTube,3472,2604,213,45,381,2,1765,40894,332,0,0,398
50824,2024-05-18,YouTube,2442,1733,347,-4,24,3,1332,20366,128,0,0,153
50825,2024-03-10,Facebook,4396,2637,579,5,571,2,0,0,478,1,82,573
50826,2024-04-13, instagram ,216,153,565,9,25,1,0,0,381,0,0,457
50827,2024-05-07,Instagram,310,210,420,20,40,0,0,0,99,1,109,118
50828,2024-03-31,YouTube,4985,2791,734,39,498,1,4821,27266,429,7,,514
50829,04/20/2024,youtube,3529,2787,28,42,247,1,5883,11696,352,0,0,422
50830,03/15/2024, instagram ,4924,3693,246,47,689,2,0,0,457,0,0,548
50831,03/17/2024,Instagram,797,518,499,-2,111,2,0,0,475,0,0,570
50832,04/23/2024,YouTube,4505,2883,381,-1,450,1,8386,15606,169,9,432,202
50833,2024-05-14,Facebook,1996,998,307,35,19,1,0,0,193,5,640,231
50834,2024-03-24,LinkedIn,2560,1484,554,24,76,0,0,0,269,0,0,322
50835,2024-04-16, instagram ,3409,2215,744,36,477,3,0,0,220,0,0,264
50836,2024-03-14,Instagram,2794,1955,105,-5,223,2,0,0,345,0,0,414
50837,2024-05-21,YouTube,4573,3841,633,44,137,1,8224,16366,185,0,0,222
50838,2024-05-15, instagram ,2357,989,206,10,47,3,0,0,375,1,103,450
50839,2024-05-08,Instagram,484,208,637,36,62,0,0,0,131,0,0,157
50840,2024-03-28, instagram ,4367,2969,655,47,567,3,0,0,285,0,0,342
50841,2024-03-15,youtube,2771,1357,519,25,277,1,2370,28844,128,6,726,153
50842,2024-05-02,youtube,2861,1173,415,2,28,1,2605,42429,419,0,0,502
50843,2024-05-03,YouTube,1564,969,303,35,156,2,4620,27169,186,0,0,223
50844,2024-04-19,youtube,3610,2599,393,2,36,2,5341,41723,240,0,0,288
50845,2024-03-11,LinkedIn,4382,2234,784,28,219,0,0,0,121,0,0,145
50846,2024-04-26,youtube,3475,1841,154,20,382,2,2540,32157,271,0,0,325
50847,2024-05-28, instagram ,3824,1873,421,13,267,3,0,0,304,0,0,364
50848,2024-04-20,Facebook,4485,3722,172,23,44,2,0,0,243,0,0,291
50849,2024-03-22,LinkedIn,3405,2689,666,4,68,3,0,0,148,0,0,177
50850,2024-05-09,LinkedIn,4148,1991,119,30,82,1,0,0,349,4,508,418
50851,2024-04-05, instagram ,1445,693,164,4,43,0,0,0,433,0,0,519
50852,2024-05-14, instagram ,4592,1882,206,41,91,1,0,0,144,5,225,172
50853,2024-04-25,Facebook,1168,969,314,37,140,3,0,0,107,6,582,128
50854,2024-04-09,Instagram,1831,1281,347,11,109,3,0,0,371,0,0,445
50855,2024-03-16,Facebook,4398,2594,453,17,439,0,0,0,318,0,0,381
50856,2024-05-11,YouTube,1481,1273,414,37,74,1,7898,34986,196,0,0,235
50857,2024-04-11, instagram ,1345,981,399,7,134,0,0,0,318,0,0,381
50858,2024-05-28,Facebook,1905,1352,35,-3,38,1,0,0,253,0,0,303
50859,2024-03-17,Instagram,1921,1210,479,2,76,1,0,0,110,3,279,132
50860,2024-03-31,Facebook,2859,2172,636,3,142,3,0,0,231,5,350,277
50861,2024-04-08,Instagram,4677,3086,93,14,140,1,0,0,107,0,0,128
50862,2024-03-10,YouTube,623,249,22,23,68,1,5853,25141,65,0,0,78
50863,2024-03-13,YouTube,4521,3390,380,0,406,1,528,49514,384,0,0,460
50864,2024-05-17,youtube,447,335,281,12,49,3,6647,24110,332,0,0,398
50865,2024-03-21,youtube,3323,1595,315,5,299,0,9144,34723,53,7,1043,63
50866,2024-04-06,LinkedIn,2354,1977,446,39,164,3,0,0,76,9,774,91
50867,2024-05-01,YouTube,3959,2454,500,45,277,0,2351,42260,408,0,0,489
50868,2024-04-28,LinkedIn,255,140,740,27,12,1,0,0,132,4,276,158
50869,2024-05-07, instagram ,1718,755,210,6,120,2,0,0,271,0,0,325
50870,2024-05-08,Facebook,762,678,331,17,15,0,0,0,322,0,0,386
50871,2024-03-24,YouTube,817,343,443,-1,8,3,9878,30468,420,0,0,504
50872,2024-04-25,Instagram,1459,1079,40,-4,43,1,0,0,380,6,636,456
50873,2024-05-07,youtube,917,467,733,25,27,2,9688,36195,164,5,240,196
50874,2024-04-10,youtube,328,131,723,30,13,1,4040,40237,187,0,0,224
50875,2024-04-06, instagram ,2933,2610,368,29,29,2,0,0,325,0,0,390
50876,2024-04-30, instagram ,4924,2363,53,4,393,2,0,0,125,9,1143,150
50877,2024-05-18,YouTube,1652,1073,610,32,99,1,3011,49830,481,0,0,577
50878,2024-05-01,YouTube,3540,2478,431,12,177,1,5867,44131,104,0,0,124
50879,2024-03-08,YouTube,-1121,896,526,9,22,3,7919,19969,374,1,59,448
50880,2024-04-21,LinkedIn,1371,1124,120,13,27,0,0,0,486,0,0,583
50881,2024-03-02,LinkedIn,4408,3085,690,5,484,0,0,0,130,0,0,156
50882,2024-04-24,Instagram,1667,1383,632,-5,200,2,0,0,220,2,136,264
50883,2024-05-01,Instagram,2214,1926,301,22,265,0,0,0,333,2,248,399
50884,2024-05-12,Instagram,1040,655,83,34,93,0,0,0,396,0,0,475
50885,2024-04-27,YouTube,401,196,285,42,16,1,8811,39075,95,1,112,114
50886,2024-03-20,Instagram,2936,1321,690,1,293,2,0,0,482,0,0,578
50887,2024-03-18,youtube,2924,1432,490,-1,263,0,4774,28446,432,0,0,518
50888,2024-05-02,Instagram,696,480,669,18,41,2,0,0,312,0,0,374
50889,03/18/2024,YouTube,3695,2549,213,20,258,2,1525,28986,326,8,256,391
50890,2024-05-04, instagram ,1429,1086,729,24,114,1,0,0,239,0,0,286
50891,2024-05-01, instagram ,1368,902,192,33,164,0,0,0,202,4,208,242
50892,2024-04-27,LinkedIn,1443,678,567,0,202,0,0,0,257,1,52,308
50893,2024-03-02,youtube,4589,3854,559,18,367,1,754,36694,446,4,136,535
50894,2024-05-28, instagram ,3942,1695,618,19,275,2,0,0,476,0,0,571
50895,2024-04-15,Instagram,1701,1377,438,9,170,1,0,0,142,8,472,170
50896,2024-05-23,Facebook,942,565,82,29,75,0,0,0,476,0,0,571
50897,2024-05-07, instagram ,553,458,183,10,71,0,0,0,147,0,0,176
50898,2024-04-15,Instagram,2658,1089,534,30,132,2,0,0,332,1,135,398
50899,2024-04-04,Facebook,4223,2364,436,17,253,3,0,0,217,5,160,260
50900,2024-04-08, instagram ,1851,740,307,37,37,1,0,0,394,0,0,472
50901,2024-03-09,LinkedIn,1042,771,535,-4,104,2,0,0,497,0,0,596
50902,2024-03-14,Facebook,3189,2519,565,6,31,1,0,0,284,8,816,340
50903,2024-03-07,Facebook,1041,551,563,25,135,1,0,0,199,0,0,238
50904,2024-05-08,youtube,497,293,776,29,49,0,6344,26552,455,5,640,546
50905,2024-03-06,youtube,2726,1526,479,44,27,2,6133,47401,397,9,1215,476
50906,2024-04-18,Instagram,3851,1964,80,-3,269,2,0,0,285,0,0,342
50907,2024-03-05,LinkedIn,4199,3443,621,39,293,0,0,0,52,7,525,62
50908,2024-05-07,YouTube,2411,1350,786,45,313,0,8418,44472,480,7,266,576
50909,2024-03-03,youtube,2684,2147,54,-4,268,3,1459,43478,127,0,0,152
50910,2024-04-20, instagram ,225,191,277,-2,4,1,0,0,240,9,1152,288
50911,2024-05-26,LinkedIn,3423,2772,619,14,479,2,0,0,328,0,0,393
50912,2024-05-07,Instagram,956,659,443,41,38,0,0,0,381,0,0,457
50913,2024-04-03,Facebook,4208,2146,312,45,252,1,0,0,429,0,0,514
50914,2024-03-13,Facebook,4658,2235,62,25,46,2,0,0,404,2,268,484
50915,2024-05-01,Instagram,4969,2285,458,28,397,3,0,0,134,0,0,160
50916,2024-04-11,youtube,1761,1496,116,38,176,3,3502,35811,341,0,0,409
50917,2024-03-07,Instagram,4147,2861,681,25,373,0,0,0,211,0,0,253
50918,2024-05-01,Instagram,4828,2462,405,7,579,3,0,0,297,0,,356
50919,2024-03-26,Instagram,1323,701,300,1,185,3,0,0,289,0,0,346
50920,2024-03-24,YouTube,4737,3126,18,30,568,1,3896,7671,399,0,0,478
50921,2024-03-05,YouTube,2745,1509,472,1,109,2,7557,31872,360,0,0,432
50922,2024-05-09,YouTube,2066,1797,662,22,82,1,5181,3220,449,5,740,538
50923,2024-03-23,youtube,127,62,65,32,8,1,4046,39975,221,0,0,265
50924,04/17/2024,YouTube,3663,1721,588,7,36,1,2028,41508,293,2,76,351
50925,2024-03-23,Instagram,2707,1894,465,37,351,3,0,0,321,0,0,385
50926,2024-05-02,youtube,2975,1904,373,1,148,2,2875,44086,330,3,138,396
50927,03/28/2024,YouTube,3493,1467,466,14,454,1,7680,43412,135,7,504,162
50928,2024-03-12,Instagram,2915,1982,240,31,408,0,0,0,474,0,0,568
50929,2024-05-05,LinkedIn,829,596,209,35,82,2,0,0,339,0,0,406
50930,2024-03-09,LinkedIn,2668,1173,249,1,346,3,0,0,320,0,0,384
50931,2024-05-14, instagram ,4721,3965,187,2,330,2,0,0,332,0,0,398
50932,2024-04-21,youtube,2587,1785,339,42,310,1,1721,44569,159,0,0,190
50933,2024-04-07,Instagram,167,133,60,46,18,0,0,0,266,6,678,319
50934,2024-05-12,YouTube,1592,955,554,7,47,2,8647,49940,123,0,0,147
50935,2024-03-27,youtube,1119,884,764,48,111,2,6597,10294,196,3,168,235
50936,2024-03-27,youtube,3946,2643,288,2,118,2,8263,8646,418,0,0,501
50937,2024-04-30,youtube,4136,2936,42,41,206,3,8093,38364,274,0,0,328
50938,2024-05-17,Instagram,4872,3654,27,36,243,2,0,0,54,2,256,64
50939,2024-03-25, instagram ,2229,1426,216,12,312,1,0,0,151,0,0,181
50940,2024-04-27, instagram ,3127,2032,765,14,62,2,0,0,421,0,0,505
50941,2024-04-26, instagram ,2671,1201,163,21,373,0,0,0,330,0,0,396
50942,2024-03-02,Facebook,1097,438,602,0,109,1,0,0,284,9,531,340
50943,2024-05-26,LinkedIn,3239,1619,291,9,259,0,0,0,365,0,0,438
50944,2024-03-06,Facebook,2091,1672,71,46,209,1,0,0,76,0,0,91
50945,2024-03-18,Instagram,4748,2611,126,3,569,1,0,0,381,0,0,457
50946,2024-03-07,LinkedIn,3274,1997,420,11,294,0,0,0,268,0,0,321
50947,2024-03-31, instagram ,1168,712,508,12,140,1,0,0,321,0,0,385
50948,2024-04-27,Facebook,3060,1713,569,29,428,2,0,0,150,0,0,180
50949,2024-03-07,YouTube,1094,579,707,22,142,3,1564,38280,103,0,0,123
50950,2024-05-16,LinkedIn,495,435,606,17,59,3,0,0,129,0,0,154
50951,04/28/2024,Instagram,3653,2849,588,0,328,1,0,0,120,0,0,144
50952,2024-05-15, instagram ,1991,1692,603,15,199,3,0,0,162,0,0,194
50953,2024-04-08,Instagram,612,281,341,20,67,3,0,0,138,0,0,165
50954,2024-04-29,LinkedIn,1157,636,361,49,92,1,0,0,165,0,0,198
50955,03/11/2024,Facebook,2330,1374,346,4,69,3,0,0,327,0,0,392
50956,2024-04-05,youtube,3122,2778,96,49,280,3,4408,49773,449,0,0,538
50957,2024-04-26,Instagram,2444,1686,617,0,24,3,0,0,198,5,390,237
50958,2024-03-27,youtube,976,780,279,42,9,0,9920,26629,121,0,0,145
50959,2024-03-28,youtube,4967,3228,623,-4,397,2,5141,45192,373,0,0,447
50960,2024-03-14, instagram ,4714,3771,547,43,424,3,0,0,86,5,195,103
50961,2024-04-19,YouTube,3964,1625,382,36,79,2,9308,18062,301,0,0,361
50962,2024-03-05,Instagram,153,126,612,26,21,2,0,0,312,3,243,374
50963,04/10/2024,Facebook,-1801,1008,77,7,126,2,0,0,229,0,0,274
50964,2024-03-11,Instagram,3100,2356,104,49,341,2,0,0,294,0,0,352
50965,2024-04-09,YouTube,3271,2780,321,44,261,0,1370,40916,173,0,0,207
50966,2024-03-12,YouTube,2508,1630,17,-1,225,2,5094,27235,364,0,0,436
50967,2024-04-10,Facebook,2754,2313,80,9,247,2,0,0,306,0,0,367
50968,2024-03-27,Facebook,4934,2960,170,9,98,2,0,0,241,9,1278,289
50969,2024-03-19, instagram ,2726,1499,658,37,381,0,0,0,378,4,568,453
50970,2024-04-30, instagram ,1381,676,441,25,82,0,0,0,208,3,234,249
50971,2024-05-29, instagram ,3826,2180,349,29,344,1,0,0,332,0,0,398
50972,2024-04-03,Instagram,1093,830,603,1,10,2,0,0,158,0,0,189
50973,2024-03-17,YouTube,1863,1061,497,35,242,2,2157,29716,277,4,276,332
50974,2024-04-16,Facebook,3804,2434,738,1,380,3,0,0,199,0,0,238
50975,2024-05-04,Facebook,2022,1253,105,3,202,1,0,0,283,0,0,339
50976,2024-03-20, instagram ,3719,1561,460,38,111,2,0,0,422,0,0,506
50977,2024-04-12, instagram ,2124,1826,584,43,254,0,0,0,53,0,0,63
50978,2024-03-04,Instagram,723,563,400,20,21,2,0,0,133,0,0,159
50979,2024-03-15, instagram ,1647,1251,396,6,49,2,0,0,78,0,0,93
50980,2024-05-03,youtube,2698,1160,763,1,350,2,5949,18714,456,3,330,547
50981,2024-05-23,Instagram,3203,2530,259,26,384,0,0,0,334,0,0,400
50982,2024-03-31,Facebook,2352,1999,270,44,329,2,0,0,251,7,308,301
50983,2024-03-26,YouTube,458,201,396,14,27,3,9214,20305,179,0,0,214
50984,2024-05-26,youtube,202,94,130,41,22,1,1200,49201,216,0,0,259
50985,2024-04-25, instagram ,3727,2161,698,2,149,3,0,0,195,5,455,234
50986,2024-05-21,Instagram,-1563,875,209,46,156,0,0,0,67,0,0,80
50987,2024-05-28,LinkedIn,4019,1969,543,37,200,2,0,0,445,2,214,534
50988,2024-05-20,Instagram,1366,1161,73,49,136,0,0,0,401,0,0,481
50989,2024-05-03,Facebook,688,516,798,36,82,2,0,0,192,0,0,230
50990,2024-03-29,Facebook,3069,2577,676,8,337,1,0,0,281,4,596,337
50991,2024-03-02,youtube,2459,1844,704,8,344,0,9368,2901,79,6,852,94
50992,2024-04-13,LinkedIn,4340,3124,278,38,303,1,0,0,488,6,192,585
50993,2024-05-17, instagram ,419,243,724,43,54,0,0,0,151,7,931,181
50994,2024-03-15,YouTube,2907,2529,648,25,203,1,9160,11451,63,0,0,75
50995,2024-03-06,Facebook,1102,727,677,42,88,2,0,0,318,3,318,381
50996,2024-05-23,Facebook,4106,2833,769,19,205,0,0,0,187,4,192,224
50997,04/18/2024,youtube,4129,3674,30,40,371,2,3473,34549,95,0,0,114
50998,2024-05-14,Instagram,1517,864,167,-1,121,1,0,0,325,0,0,390
50999,2024-04-14,LinkedIn,3767,1619,209,12,452,2,0,0,338,1,86,405
51000,2024-05-17,Facebook,3290,1348,185,26,427,3,0,0,283,0,0,339
51001,2024-04-04,youtube,3397,1698,658,48,373,0,3171,15067,486,2,204,583
51002,2024-05-05,YouTube,2950,1327,245,5,383,0,9220,40537,272,7,476,326
51003,2024-03-20,Facebook,2204,1146,549,46,44,1,0,0,374,0,0,448
51004,2024-03-28,Instagram,3069,1749,648,38,122,1,0,0,397,0,0,476
51005,2024-03-22,YouTube,4829,2124,462,47,482,0,8314,24212,454,0,0,544
51006,2024-05-15,Facebook,2668,1734,650,47,53,3,0,0,83,0,0,99
51007,2024-04-27, instagram ,3874,3215,265,4,232,3,0,0,337,0,0,404
51008,2024-03-12,Facebook,-1761,1091,681,46,246,3,0,0,220,0,0,264
51009,05/29/2024,youtube,162,81,552,5,4,0,9253,29461,273,0,0,327
51010,2024-03-09,Instagram,2633,2343,421,47,131,2,0,0,336,0,0,403
51011,2024-03-10,Instagram,3686,2211,760,33,221,1,0,0,476,9,630,571
51012,2024-05-25,YouTube,605,399,235,37,24,1,4741,24105,75,0,0,90
51013,2024-04-16, instagram ,4075,1874,155,32,40,3,0,0,361,0,0,433
51014,2024-03-04, instagram ,2748,1841,165,45,219,3,0,0,102,0,0,122
51015,2024-05-24,Facebook,4549,3730,549,35,90,2,0,0,222,0,0,266
51016,2024-03-17,YouTube,1591,652,194,17,63,1,1413,47885,214,0,0,256
51017,2024-04-12,LinkedIn,2027,891,26,29,222,2,0,0,295,0,0,354
51018,2024-05-22,LinkedIn,2274,1318,791,22,22,0,0,0,312,0,0,374
51019,2024-05-25,LinkedIn,3929,1846,23,44,392,1,0,0,215,0,0,258
51020,2024-05-01, instagram ,2555,1916,731,4,76,3,0,0,455,0,0,546
51021,2024-05-09,YouTube,2274,1364,527,39,45,0,7543,38577,299,0,0,358
51022,2024-03-06, instagram ,3366,1918,554,43,201,3,0,0,359,0,0,430
51023,2024-03-19,youtube,2370,2014,497,41,331,2,5820,2143,299,9,1062,358
51024,2024-05-25,youtube,4209,2441,187,18,84,0,9135,7887,278,0,0,333
51025,2024-05-09,YouTube,3189,1275,259,37,127,0,4864,11537,339,0,0,406
51026,2024-05-09,youtube,-4992,3694,482,40,648,1,3958,41799,368,0,0,441
51027,2024-05-28,YouTube,2207,993,428,18,198,0,6644,35979,460,8,,552
51028,2024-04-14,LinkedIn,225,92,709,4,22,2,0,0,110,0,0,132
51029,2024-05-02,YouTube,3314,2651,734,21,265,0,8236,10940,493,8,1120,591
51030,2024-03-06, instagram ,1139,842,431,31,159,0,0,0,198,0,0,237
51031,2024-03-14,Facebook,194,122,397,2,13,2,0,0,289,0,0,346
51032,2024-03-05,Instagram,3972,3177,343,27,198,1,0,0,181,0,0,217
51033,2024-05-05, instagram ,774,634,30,-3,7,3,0,0,439,0,0,526
51034,2024-04-08,Instagram,1157,960,679,44,46,0,0,0,468,0,0,561
51035,2024-04-23,Facebook,2857,2057,342,37,85,3,0,0,422,0,,506
51036,2024-05-24,LinkedIn,2020,1636,29,43,60,0,0,0,400,1,126,480
51037,2024-05-13,youtube,4144,2072,362,-2,497,3,7844,9027,408,4,320,489
51038,2024-03-07,Instagram,3139,2165,166,2,94,3,0,0,230,0,0,276
51039,2024-04-25,YouTube,4793,2540,605,39,383,2,8878,29469,255,0,0,306
51040,2024-05-11,Instagram,4125,3547,740,3,536,0,0,0,207,0,0,248
51041,2024-03-23,LinkedIn,755,505,408,30,52,0,0,0,423,0,0,507
51042,2024-03-04,YouTube,2373,2064,265,28,71,0,7134,35860,360,7,,432
51043,2024-03-16,YouTube,3190,2839,82,21,63,2,9748,18724,268,0,0,321
51044,2024-05-05,Facebook,3873,2052,563,46,271,0,0,0,295,0,0,354
51045,2024-05-26,Instagram,4101,2091,174,38,492,0,0,0,67,4,228,80
51046,2024-05-02,Instagram,1542,678,326,39,138,0,0,0,381,0,0,457
51047,2024-04-09,Facebook,1380,786,16,30,55,2,0,0,132,8,1128,158
51048,2024-04-30,LinkedIn,2979,1459,312,42,178,0,0,0,401,0,0,481
51049,2024-03-08,youtube,3557,1849,494,28,35,0,8849,17745,316,0,0,379
51050,2024-03-24,youtube,2858,1829,642,49,314,3,2155,29314,66,0,0,79
51051,2024-04-21,LinkedIn,2145,1244,98,32,85,1,0,0,339,0,0,406
51052,2024-05-27,Instagram,310,201,405,5,24,2,0,0,176,0,0,211
51053,2024-03-04,Facebook,3036,1973,404,-4,91,2,0,0,355,0,0,426
51054,2024-03-11,youtube,2065,1362,237,6,247,2,8969,48213,443,0,0,531
51055,2024-04-28,Instagram,3111,1524,695,25,124,0,0,0,386,0,0,463
51056,2024-03-30, instagram ,2296,1377,582,13,137,2,0,0,286,0,0,343
51057,2024-04-27,youtube,4899,3233,387,-4,293,3,2149,28737,162,7,469,194
51058,2024-04-08,Facebook,2877,1985,137,5,258,3,0,0,433,7,854,519
51059,2024-03-04,YouTube,2357,1979,482,8,212,2,9133,26100,292,0,0,350
51060,2024-03-06, instagram ,2230,1315,557,30,22,1,0,0,345,0,0,414
51061,2024-04-28,LinkedIn,2890,1445,763,-2,346,3,0,0,100,2,192,120
51062,2024-04-26,LinkedIn,2579,1289,183,-4,361,1,0,0,318,0,0,381
51063,2024-03-22,YouTube,4803,3890,217,18,96,1,9468,24337,310,8,912,372
51064,2024-03-13,youtube,4240,2416,686,-1,254,2,6419,7187,97,0,0,116
51065,2024-05-17,youtube,2639,1372,589,16,263,2,518,27452,63,0,0,75
51066,2024-03-06,Instagram,-3630,2577,126,44,217,2,0,0,292,6,396,350
51067,2024-03-07,Facebook,1818,909,682,35,254,1,0,0,313,4,280,375
51068,2024-05-11,LinkedIn,4382,1840,464,31,350,3,0,0,369,0,0,442
51069,2024-04-09,LinkedIn,2524,1842,376,39,201,2,0,0,485,0,0,582
51070,2024-03-13, instagram ,2819,1240,418,35,310,0,0,0,243,0,0,291
51071,2024-03-21,LinkedIn,2065,1631,212,47,247,3,0,0,429,0,0,514
51072,2024-05-17,LinkedIn,3654,1680,682,16,292,3,0,0,142,0,0,170
51073,2024-04-21,YouTube,4497,1888,100,11,44,2,500,26786,132,0,0,158
51074,2024-05-18,Instagram,2453,2085,559,47,98,2,0,0,305,7,826,366
51075,2024-04-03,Instagram,1368,560,258,37,164,0,0,0,482,0,0,578
51076,05/25/2024,Facebook,810,696,269,2,24,1,0,0,399,0,0,478
51077,2024-04-13,YouTube,1467,792,770,3,190,2,935,18594,342,4,180,410
51078,2024-05-06,Facebook,3397,2309,169,25,407,3,0,0,458,8,720,549
51079,2024-03-03,Instagram,1646,954,456,31,131,0,0,0,80,0,0,96
51080,2024-03-21,Facebook,4803,3602,120,21,192,2,0,0,460,0,0,552
51081,2024-03-05,Facebook,442,322,246,29,39,0,0,0,417,5,,500
51082,2024-04-24,Facebook,3888,2527,543,6,116,3,0,0,402,6,738,482
51083,2024-05-02,Facebook,1473,913,78,49,88,1,0,0,268,0,0,321
51084,2024-05-12,Facebook,2591,1347,794,37,181,1,0,0,480,0,0,576
51085,2024-03-26, instagram ,4257,3107,547,1,510,1,0,0,404,0,0,484
51086,2024-05-09,youtube,252,176,773,-3,20,0,1158,26918,464,0,0,556
51087,2024-04-21,Instagram,3945,1696,773,37,473,3,0,0,466,9,1152,559
51088,2024-03-31,youtube,3490,3071,87,32,139,3,2020,36699,159,0,0,190
51089,2024-05-19,Instagram,1174,997,485,40,117,3,0,0,285,1,111,342
51090,2024-05-06,Facebook,1057,697,522,24,21,0,0,0,450,0,0,540
51091,2024-05-05,LinkedIn,1170,982,176,5,93,0,0,0,89,0,0,106
51092,2024-04-10,YouTube,2891,2486,70,49,144,2,1678,11687,225,0,0,270
51093,2024-04-18,Instagram,1882,828,334,25,225,3,0,0,347,0,0,416
51094,2024-04-11,LinkedIn,3310,2350,785,9,397,2,0,0,296,0,0,355
51095,2024-03-01,youtube,2572,1414,588,25,231,1,9273,40588,69,0,0,82
51096,2024-03-18,YouTube,-2976,2172,206,-4,297,0,2894,3976,386,0,0,463
51097,2024-05-18,youtube,1529,1207,311,42,30,1,8391,30465,246,0,0,295
51098,2024-03-02,LinkedIn,2734,2241,759,33,300,1,0,0,133,0,0,159
51099,2024-03-10,youtube,591,283,259,46,41,1,8174,47586,240,8,856,288
51100,2024-04-13,YouTube,3690,1918,239,21,442,3,5021,5394,420,0,0,504
51101,2024-04-27,youtube,2685,2067,337,4,214,2,8143,27963,314,0,0,376
51102,2024-05-19,youtube,1558,701,62,42,109,1,2816,12808,427,0,0,512
51103,2024-03-15,YouTube,589,459,59,-1,5,2,642,11138,246,0,0,295
51104,2024-04-23,youtube,1357,1207,402,12,122,3,4793,5618,276,3,342,331
51105,2024-05-01,LinkedIn,1587,1237,277,39,63,3,0,0,362,8,640,434
51106,2024-05-13,Instagram,4323,3285,503,43,432,2,0,0,465,3,438,558
51107,2024-03-25,LinkedIn,2617,1099,372,-5,314,3,0,0,340,9,378,408
51108,2024-05-04, instagram ,2796,2069,53,-1,335,0,0,0,184,0,0,220
51109,04/19/2024,youtube,3379,3007,339,37,270,3,6539,5149,416,4,220,499
51110,2024-05-09,LinkedIn,1105,872,445,18,143,3,0,0,136,0,0,163
51111,2024-05-02,LinkedIn,1419,1007,232,13,28,1,0,0,255,5,225,306
51112,2024-05-08,YouTube,2767,2019,42,45,138,0,7788,24214,242,0,0,290
51113,2024-03-28,LinkedIn,2034,1383,689,3,183,1,0,0,182,0,0,218
51114,2024-03-22,youtube,216,95,430,40,21,2,2411,39168,469,5,235,562
51115,2024-05-27,Facebook,4519,3705,589,-2,225,3,0,0,277,3,225,332
51116,2024-03-30,YouTube,339,213,599,-2,33,1,6567,8444,136,0,0,163
51117,2024-04-10, instagram ,3428,1885,676,0,205,2,0,0,447,0,0,536
51118,2024-04-08, instagram ,1777,1243,79,48,35,1,0,0,416,0,0,499
51119,2024-05-02,LinkedIn,3409,1874,682,27,374,2,0,0,369,5,195,442
51120,04/23/2024,youtube,3353,2481,173,49,201,1,818,25881,354,0,0,424
51121,2024-05-16,youtube,-3544,1665,347,-3,460,0,2497,33161,283,2,86,339
51122,2024-05-06, instagram ,316,252,770,-2,31,0,0,0,131,0,0,157
51123,2024-05-02,youtube,1440,777,201,18,43,0,9925,49016,269,0,0,322
51124,2024-03-05,LinkedIn,4148,2903,238,2,456,0,0,0,153,0,0,183
51125,2024-04-05,Facebook,4868,4235,640,3,681,3,0,0,395,0,0,474
51126,2024-03-06,LinkedIn,2580,1315,708,2,283,1,0,0,207,0,0,248
51127,2024-03-21,LinkedIn,2192,1096,735,27,284,1,0,0,277,0,0,332
51128,2024-03-10,LinkedIn,468,341,286,31,51,2,0,0,172,0,0,206
51129,2024-05-12,LinkedIn,2790,1395,748,34,306,1,0,0,498,0,0,597
51130,2024-05-14,youtube,2869,2237,28,28,229,3,5753,37422,154,0,0,184
51131,2024-04-29, instagram ,4593,2020,668,3,45,1,0,0,133,0,0,159
51132,2024-05-08,Facebook,2429,2040,617,14,72,1,0,0,92,3,342,110
51133,2024-05-28,Instagram,2216,997,272,6,288,1,0,0,95,0,0,114
51134,2024-04-21,Instagram,798,534,636,38,15,0,0,0,319,0,0,382
51135,2024-05-03,youtube,736,426,197,20,88,0,9265,16362,82,0,0,98
51136,2024-05-21,LinkedIn,523,407,372,39,10,0,0,0,499,9,567,598
51137,2024-03-25,LinkedIn,1086,662,210,42,76,2,0,0,336,0,0,403
51138,2024-04-12, instagram ,1088,816,559,27,54,1,0,0,53,1,120,63
51139,2024-03-20,YouTube,2777,1166,39,6,55,3,4801,6972,67,0,,80
51140,2024-05-29,Instagram,3471,2707,240,33,277,3,0,0,178,0,0,213
51141,2024-04-03,youtube,485,291,64,7,63,1,8025,13950,95,0,0,114
51142,2024-03-09,youtube,121,62,474,22,4,2,9271,43382,489,0,0,586
51143,2024-05-04,Facebook,3156,1483,346,19,189,3,0,0,79,5,400,94
51144,2024-05-25,Instagram,1048,639,442,17,104,3,0,0,52,0,0,62
51145,2024-03-23,YouTube,3457,2281,316,48,345,3,5385,33627,74,0,0,88
51146,2024-03-02,youtube,2592,2203,15,14,207,2,2204,15572,139,6,558,166
51147,2024-03-16, instagram ,3156,2493,710,10,220,1,0,0,50,0,0,60
51148,2024-03-18,LinkedIn,4918,3786,436,49,245,0,0,0,477,0,0,572
51149,2024-05-10,LinkedIn,4936,3702,96,15,493,1,0,0,408,9,981,489
51150,2024-03-01,Facebook,1495,732,92,32,209,2,0,0,396,0,0,475
51151,2024-05-13, instagram ,2691,1318,524,45,269,3,0,0,415,6,546,498
51152,2024-05-07,youtube,4560,3328,193,14,638,2,2143,49356,91,0,0,109
51153,2024-03-14,LinkedIn,3089,1451,379,19,216,1,0,0,367,0,,440
51154,2024-04-21,YouTube,1929,1620,786,24,19,0,1125,23732,361,4,212,433
51155,2024-05-23,YouTube,704,323,107,20,42,1,3776,21006,269,0,0,322
51156,2024-05-04,LinkedIn,2469,1036,663,7,271,0,0,0,177,0,0,212
51157,2024-03-08,youtube,1172,714,231,34,152,1,4981,7648,484,0,0,580
51158,2024-03-23,youtube,4830,2656,603,39,96,1,1501,16483,378,8,1008,453
51159,2024-05-16,Facebook,3161,2433,366,8,31,3,0,0,121,0,0,145
51160,2024-04-23,YouTube,260,119,170,22,5,1,4914,39499,405,0,0,486
51161,2024-04-24, instagram ,195,152,309,49,27,2,0,0,382,0,0,458
51162,2024-05-19,LinkedIn,4448,3336,69,21,533,2,0,0,105,0,0,126
51163,2024-05-15,Facebook,1459,598,774,25,58,2,0,0,83,0,0,99
51164,2024-04-17,YouTube,2767,1964,596,26,27,1,4599,12964,459,0,0,550
51165,04/21/2024,LinkedIn,1642,722,444,28,98,3,0,0,281,6,312,337
51166,2024-04-15,youtube,1465,791,499,44,29,0,1394,39337,275,0,0,330
51167,2024-05-07,youtube,2560,1561,611,14,204,3,7940,4858,328,7,994,393
51168,2024-03-01,YouTube,2595,1712,571,-2,259,3,3108,11808,191,9,684,229
51169,2024-03-27,LinkedIn,3827,3406,595,-3,229,1,0,0,275,0,0,330
51170,2024-03-14,Instagram,3525,1903,495,-1,141,2,0,0,403,0,0,483
51171,2024-03-18,youtube,3473,2778,153,17,277,2,4579,1235,50,0,0,60
51172,2024-04-17,youtube,3994,1717,325,35,119,0,2339,43138,79,0,0,94
51173,2024-03-23,Instagram,1924,1366,683,21,230,0,0,0,316,0,0,379
51174,2024-03-15,Facebook,1739,904,367,27,173,0,0,0,406,7,700,487
51175,2024-04-01,youtube,-2567,1694,599,24,359,3,6082,33938,458,7,602,549
51176,2024-04-16,Facebook,4638,1947,404,11,324,3,0,0,303,0,0,363
51177,2024-03-24,LinkedIn,3657,3035,340,15,109,2,0,0,333,0,0,399
51178,2024-04-19,youtube,3003,2372,277,3,330,2,4255,14977,152,0,0,182
51179,2024-05-01, instagram ,3205,1923,50,29,448,2,0,0,315,0,0,378
51180,2024-05-25, instagram ,3567,3067,341,27,142,2,0,0,428,0,0,513
51181,2024-04-09, instagram ,1807,1210,296,47,108,1,0,0,100,5,655,120
51182,2024-03-18, instagram ,2664,1305,359,16,186,3,0,0,95,6,480,114
51183,2024-05-15, instagram ,2718,1821,778,41,54,3,0,0,453,0,0,543
51184,2024-04-17,YouTube,3162,1675,333,48,442,3,1320,32919,76,7,413,91
51185,2024-04-17,YouTube,1458,758,573,12,87,0,3756,37048,55,0,0,66
51186,2024-05-15,YouTube,3213,2827,127,25,385,3,9755,35014,447,0,0,536
51187,2024-04-12,youtube,734,565,295,10,80,1,2525,13961,80,9,621,96
51188,2024-03-09,Instagram,2943,2177,649,15,382,3,0,0,241,1,81,289
51189,2024-03-24,YouTube,2560,2022,608,6,179,0,9469,19187,387,0,0,464
51190,2024-04-27,Facebook,-2102,1345,599,11,231,1,0,0,301,9,1278,361
51191,2024-05-15,Facebook,4031,2378,349,40,322,0,0,0,445,0,0,534
51192,2024-03-06,LinkedIn,1115,747,507,32,55,2,0,0,369,0,0,442
51193,2024-03-22,Instagram,2738,1286,199,24,191,3,0,0,362,5,635,434
51194,2024-04-17,YouTube,3352,2078,210,-2,435,2,4247,19561,59,0,0,70
51195,2024-05-14,YouTube,1680,1092,492,12,16,1,7994,30869,352,0,0,422
51196,2024-05-21,youtube,-444,386,714,12,62,0,6121,27089,114,0,0,136
51197,2024-04-11,LinkedIn,3963,1902,367,27,515,1,0,0,295,6,642,354
51198,2024-05-07,YouTube,664,371,660,10,33,3,3844,35516,117,0,0,140
51199,2024-03-16,youtube,1122,594,488,11,100,1,6264,3646,382,0,0,458
51200,2024-05-09, instagram ,4213,2106,91,32,505,0,0,0,82,0,0,98
51201,2024-04-30,Facebook,1529,672,707,32,45,3,0,0,112,9,981,134
51202,2024-04-19,Instagram,3548,2128,305,25,177,1,0,0,72,1,45,86
51203,2024-03-15,Facebook,845,726,177,26,16,2,0,0,394,0,0,472
51204,2024-05-15,LinkedIn,4809,2019,511,2,96,2,0,0,76,0,0,91
51205,03/22/2024, instagram ,2843,1336,616,48,56,3,0,0,279,0,0,334
51206,2024-05-10, instagram ,3935,1849,518,21,432,2,0,0,112,4,144,134
51207,2024-03-10, instagram ,3338,2536,694,23,467,0,0,0,245,0,0,294
51208,2024-05-23,YouTube,3353,1844,281,38,134,0,9581,45476,207,0,0,248
51209,2024-05-08,youtube,127,92,234,47,16,0,9644,14114,480,0,0,576
51210,2024-05-11, instagram ,4793,3259,587,36,479,1,0,0,436,8,960,523
51211,2024-03-12,YouTube,3393,2917,586,33,407,2,2689,30686,242,0,0,290
51212,2024-05-11,youtube,2837,1418,553,32,368,0,9616,13206,350,0,0,420
51213,2024-05-16,Facebook,3143,1571,544,27,125,0,0,0,236,7,1015,283
51214,2024-04-25,LinkedIn,1485,905,656,40,44,1,0,0,342,0,0,410
51215,03/03/2024,LinkedIn,861,542,465,37,120,0,0,0,167,8,896,200
51216,2024-04-27,youtube,3672,2460,509,4,220,3,6590,16930,61,0,0,73
51217,2024-03-04, instagram ,454,263,488,26,31,2,0,0,332,0,0,398
51218,2024-04-22,LinkedIn,2082,1665,554,31,270,1,0,0,431,0,0,517
51219,2024-03-13,LinkedIn,1295,673,537,-1,51,3,0,0,224,0,0,268
51220,2024-03-01,youtube,4411,2426,610,-2,132,2,9676,44597,177,0,0,212
51221,2024-03-20,Facebook,382,217,147,7,26,0,0,0,252,4,212,302
51222,2024-05-09,Instagram,4550,2912,715,48,227,3,0,0,254,0,0,304
51223,2024-05-26,youtube,227,90,149,32,31,1,1546,41599,366,0,0,439
51224,2024-05-03, instagram ,4915,2211,785,36,196,2,0,0,60,4,272,72
51225,2024-03-26,Facebook,501,380,102,12,15,3,0,0,187,0,0,224
51226,2024-05-10,Facebook,2378,1022,597,46,71,1,0,0,156,0,0,187
51227,2024-05-29,Instagram,3181,2417,554,25,413,1,0,0,390,6,456,468
51228,2024-04-30,Facebook,3395,1561,741,30,67,3,0,0,158,0,0,189
51229,2024-05-15, instagram ,1923,769,165,42,19,0,0,0,159,0,0,190
51230,2024-04-04,YouTube,1850,851,269,38,259,3,3434,30784,224,0,0,268
51231,2024-05-18,LinkedIn,3088,2130,525,16,92,1,0,0,327,6,252,392
51232,2024-04-24, instagram ,3542,2514,585,22,177,2,0,0,290,0,0,348
51233,2024-04-26,Facebook,3844,3075,307,4,38,1,0,0,200,0,0,240
51234,2024-04-15,Facebook,4200,2100,28,-5,210,2,0,0,118,0,0,141
51235,2024-05-05, instagram ,2634,2317,349,36,289,0,0,0,436,4,168,523
51236,2024-04-04, instagram ,2103,1387,676,19,126,0,0,0,470,0,0,564
51237,2024-05-16,Facebook,148,82,266,4,13,0,0,0,487,0,0,584
51238,2024-03-28, instagram ,4595,2848,413,7,137,3,0,0,162,0,0,194
51239,2024-04-26,YouTube,3380,2095,419,4,371,0,4116,39305,149,0,0,178
51240,2024-04-16,Facebook,858,368,426,1,60,1,0,0,406,7,322,487
51241,03/29/2024,LinkedIn,156,110,335,7,17,0,0,0,100,0,0,120
51242,2024-03-22,LinkedIn,2223,1155,587,25,288,0,0,0,335,5,190,402
51243,2024-04-16,YouTube,1349,674,379,5,40,2,1605,16162,184,0,0,220
51244,2024-03-13,LinkedIn,406,345,422,7,52,0,0,0,323,0,0,387
51245,2024-03-16,youtube,694,527,490,45,13,0,6847,3388,368,0,0,441
51246,2024-03-05,Facebook,654,575,616,34,32,2,0,0,495,7,280,594
51247,2024-03-27, instagram ,-4718,4151,363,16,94,1,0,0,317,5,560,380
51248,2024-05-09,youtube,3687,2507,275,38,405,3,4360,31543,295,0,0,354
51249,2024-03-04,YouTube,3771,2224,740,15,527,3,6733,46219,348,0,0,417
51250,2024-03-27,Instagram,1834,1448,292,-3,201,2,0,0,321,0,0,385
51251,2024-03-01,Facebook,2084,1833,701,-1,83,3,0,0,431,0,0,517
51252,2024-04-07,Instagram,4971,2236,476,8,596,2,0,0,492,0,0,590
51253,2024-03-22,Facebook,4207,2986,76,30,336,2,0,0,100,0,,120
51254,2024-05-03, instagram ,4074,2851,120,12,244,1,0,0,446,0,0,535
51255,2024-05-20,Facebook,1462,804,190,-4,14,3,0,0,366,0,0,439
51256,2024-04-20,Facebook,3560,2563,189,3,106,0,0,0,315,4,376,378
51257,2024-03-16,youtube,2245,1436,504,19,44,2,1398,36058,52,0,0,62
51258,2024-05-25,LinkedIn,4080,2244,704,34,81,1,0,0,53,0,0,63
51259,2024-05-20,Facebook,3374,2395,233,21,134,3,0,0,171,9,576,205
51260,2024-03-20,YouTube,410,188,107,24,8,0,1256,15201,369,0,0,442
51261,2024-04-15,YouTube,1053,431,680,49,147,3,9776,36553,101,7,476,121
51262,2024-03-16,YouTube,920,763,232,-1,55,2,1483,29840,202,0,0,242
51263,2024-04-04,Instagram,3907,2344,727,15,312,2,0,0,157,4,320,188
51264,2024-05-08,YouTube,2963,2370,779,34,266,1,4568,41722,247,0,0,296
51265,2024-03-24, instagram ,3877,1705,34,39,387,1,0,0,421,0,0,505
51266,2024-05-01,YouTube,3773,3056,517,48,75,1,3451,33997,489,0,0,586
51267,2024-04-26,Facebook,4945,4153,704,27,148,1,0,0,378,0,0,453
51268,2024-05-28,youtube,1512,1164,712,39,211,2,9598,14937,104,5,205,124
51269,2024-04-12, instagram ,1067,885,400,30,42,3,0,0,207,0,0,248
51270,2024-03-04,LinkedIn,1717,1098,790,27,154,2,0,0,349,0,0,418
51271,2024-05-10,Facebook,497,233,462,17,59,2,0,0,408,7,490,489
51272,2024-04-18,YouTube,2398,1175,203,11,263,0,6274,7442,307,0,0,368
51273,2024-03-29,youtube,2303,967,227,15,115,2,3785,11288,188,0,0,225
51274,2024-04-17,Facebook,-1664,765,78,43,116,1,0,0,54,0,0,64
51275,2024-04-19,LinkedIn,1233,974,227,16,110,3,0,0,169,0,0,202
51276,2024-03-04,Facebook,4844,3875,389,-3,145,0,0,0,416,0,0,499
51277,05/27/2024,LinkedIn,4521,2576,424,38,497,3,0,0,215,0,0,258
51278,2024-05-10,LinkedIn,4871,2289,34,18,340,3,0,0,462,0,0,554
51279,2024-03-17, instagram ,2867,2207,721,30,344,3,0,0,81,0,0,97
51280,2024-03-06,YouTube,1491,745,116,17,74,1,4892,5259,275,5,250,330
51281,2024-05-13,LinkedIn,3027,1755,461,42,332,1,0,0,173,0,0,207
51282,2024-05-05,Instagram,2165,974,306,15,108,3,0,0,470,0,0,564
51283,2024-03-22,Facebook,3343,1972,666,-5,401,2,0,0,345,0,0,414
51284,2024-05-17,LinkedIn,1746,855,248,15,139,3,0,0,78,1,132,93
51285,2024-04-15,Instagram,1271,749,438,23,25,1,0,0,328,0,0,393
51286,2024-04-16,youtube,3509,2912,367,47,245,1,9134,2509,101,0,0,121
51287,2024-03-27,LinkedIn,525,236,712,19,73,1,0,0,481,0,0,577
51288,2024-05-06,LinkedIn,948,559,281,4,56,3,0,0,72,0,0,86
51289,2024-03-19, instagram ,2950,1209,558,12,206,2,0,0,405,6,378,486
51290,2024-05-22,Instagram,1423,1109,142,43,128,2,0,0,303,0,0,363
51291,2024-04-10,Facebook,3117,1340,603,-4,62,3,0,0,372,0,0,446
51292,2024-05-02, instagram ,397,202,12,-2,55,2,0,0,398,0,0,477
51293,03/27/2024,Instagram,1450,884,384,6,116,0,0,0,53,2,150,63
51294,2024-04-14,LinkedIn,4502,2701,745,28,540,2,0,0,135,0,0,162
51295,2024-03-27,youtube,2214,1306,669,35,154,0,9684,39944,169,7,833,202
51296,2024-04-26,YouTube,598,239,99,10,77,2,7005,11430,316,5,470,379
51297,2024-05-19,Instagram,3822,3401,765,30,38,2,0,0,236,2,238,283
51298,2024-05-14,Instagram,3404,2961,472,11,34,2,0,0,283,0,0,339
51299,2024-03-13,Instagram,2894,1678,699,42,231,1,0,0,334,0,0,400
51300,2024-05-02, instagram ,4844,3923,131,36,678,1,0,0,436,0,0,523
51301,2024-05-04,Instagram,4052,1823,176,17,567,3,0,0,307,0,0,368
51302,2024-05-18,LinkedIn,261,172,676,11,15,2,0,0,365,0,0,438
51303,2024-03-14, instagram ,737,397,780,40,7,1,0,0,276,0,0,331
51304,2024-03-31,YouTube,4259,3705,388,-2,425,1,7208,35116,384,0,0,460
51305,2024-04-13,Facebook,1137,920,358,35,45,2,0,0,151,0,0,181
51306,2024-03-21, instagram ,3024,1300,445,1,211,1,0,0,321,5,690,385
51307,2024-04-18,YouTube,2783,2031,22,-3,278,3,8820,45191,256,0,,307
51308,2024-03-20,YouTube,2446,2176,748,48,97,3,5404,1773,203,0,0,243
51309,2024-04-25,Facebook,4147,3524,239,30,497,0,0,0,498,0,0,597
51310,2024-05-09, instagram ,2918,2509,161,10,291,1,0,0,323,0,0,387
51311,2024-03-01,Instagram,3812,2554,299,41,304,0,0,0,455,9,981,546
51312,2024-05-29,Instagram,381,312,600,33,38,3,0,0,113,3,438,135
51313,2024-04-06, instagram ,2497,2047,374,39,99,0,0,0,410,3,201,492
51314,2024-05-29,LinkedIn,1772,1098,530,4,70,3,0,0,235,0,0,282
51315,2024-04-07,youtube,860,541,401,23,34,0,9419,42328,133,0,0,159
51316,2024-04-15,youtube,2498,1174,492,37,224,3,8893,12796,206,0,0,247
51317,2024-04-21, instagram ,3503,2031,77,41,175,3,0,0,386,0,0,463
51318,2024-05-24,youtube,933,793,733,5,102,1,8111,17520,159,6,360,190
51319,2024-03-10,LinkedIn,3100,1395,267,25,124,1,0,0,289,0,0,346
51320,2024-03-20, instagram ,4745,2277,286,36,142,2,0,0,145,0,0,174
51321,2024-03-13,Instagram,265,206,340,8,7,0,0,0,340,0,0,408
51322,2024-04-13,YouTube,1084,466,434,1,21,2,6477,5574,418,0,0,501
51323,2024-05-10,LinkedIn,1098,483,456,9,87,3,0,0,489,1,38,586
51324,2024-04-06, instagram ,3474,1806,484,29,34,1,0,0,157,3,321,188
51325,2024-05-15,LinkedIn,4152,3446,676,16,166,3,0,0,462,1,81,554
51326,03/06/2024,YouTube,2565,1898,724,38,102,2,6475,8876,464,0,0,556
51327,2024-04-24, instagram ,793,594,538,8,23,1,0,0,60,0,0,72
51328,2024-04-18,youtube,4514,2211,784,37,135,1,994,3175,84,0,0,100
51329,2024-04-09, instagram ,3294,2141,373,28,461,3,0,0,224,0,0,268
51330,2024-03-21,LinkedIn,2046,900,772,48,20,3,0,0,86,0,0,103
51331,2024-03-09, instagram ,339,213,293,26,20,0,0,0,103,0,0,123
51332,2024-03-08,Instagram,2015,1732,479,40,60,2,0,0,265,7,1008,318
51333,2024-05-05,Facebook,641,525,692,5,57,2,0,0,459,0,0,550
51334,2024-04-01,Facebook,1987,1748,771,49,258,0,0,0,295,0,,354
51335,2024-03-29, instagram ,2073,1015,739,15,290,2,0,0,484,0,0,580
51336,2024-04-09,Facebook,2615,1046,336,9,261,0,0,0,207,0,0,248
51337,2024-03-04,LinkedIn,4601,4002,149,10,552,0,0,0,256,0,0,307
51338,2024-03-22,YouTube,4247,1826,630,19,382,1,2802,46127,279,0,0,334
51339,2024-04-07,LinkedIn,2773,2384,52,28,332,0,0,0,369,0,0,442
51340,2024-04-25,Facebook,-4384,2718,34,32,87,1,0,0,372,0,0,446
51341,2024-05-29,LinkedIn,3295,2866,645,-3,65,1,0,0,425,0,0,510
51342,2024-04-29,youtube,4055,2270,710,29,486,1,8944,9746,422,0,0,506
51343,2024-03-15,Facebook,2536,2028,606,11,101,2,0,0,271,0,0,325
51344,2024-04-07,YouTube,4212,2653,788,41,379,0,1729,24944,140,0,0,168
51345,2024-03-11, instagram ,3834,2798,746,2,536,0,0,0,456,6,252,547
51346,2024-03-14,Instagram,2386,2028,200,41,286,1,0,0,434,0,,520
51347,2024-04-24, instagram ,3989,2752,306,39,438,3,0,0,286,0,0,343
51348,2024-04-21,Instagram,2417,1232,645,13,24,2,0,0,75,0,0,90
51349,2024-03-30,Facebook,2495,1272,751,18,49,1,0,0,411,0,0,493
51350,2024-03-23,youtube,3948,2763,50,8,276,2,1566,11275,97,0,0,116
51351,2024-03-21,Facebook,4360,2616,789,19,43,3,0,0,365,0,0,438
51352,2024-05-26,Instagram,4664,3731,739,-1,513,1,0,0,147,0,0,176
51353,2024-03-26,Instagram,4435,3947,470,26,532,1,0,0,340,3,201,408
51354,2024-05-21, instagram ,4429,2081,130,19,531,2,0,0,378,6,504,453
51355,2024-03-16, instagram ,2362,1795,610,18,165,1,0,0,64,0,0,76
51356,2024-05-23,YouTube,608,510,301,24,79,3,1985,41351,427,0,0,512
51357,2024-05-25,LinkedIn,2382,1500,344,26,285,1,0,0,110,0,0,132
51358,2024-03-25,Facebook,947,757,145,27,75,2,0,0,86,0,0,103
51359,2024-04-27,LinkedIn,4458,2496,565,-1,490,3,0,0,475,5,735,570
51360,2024-05-07,Instagram,3231,1421,705,41,387,0,0,0,379,0,0,454
51361,2024-03-24,Instagram,3972,1668,180,15,397,2,0,0,444,0,0,532
51362,03/08/2024,Instagram,1041,843,549,40,31,0,0,0,321,0,0,385
51363,2024-03-28,LinkedIn,2604,1900,169,25,312,3,0,0,371,0,0,445
51364,2024-03-28,Facebook,1706,972,543,34,34,1,0,0,405,0,0,486
51365,2024-03-07,Instagram,2127,1276,243,16,127,2,0,0,83,3,306,99
51366,2024-04-22,Instagram,1107,863,701,26,88,0,0,0,177,4,200,212
51367,2024-03-15,LinkedIn,2456,1915,246,20,196,0,0,0,131,0,0,157
51368,03/21/2024,Facebook,2436,1023,676,23,24,2,0,0,485,5,195,582
51369,2024-03-27,Instagram,3533,3109,734,4,423,0,0,0,266,0,0,319
51370,2024-03-03,youtube,3344,2273,786,8,33,3,1555,44229,64,4,360,76
51371,2024-03-20,LinkedIn,4175,2129,369,5,584,0,0,0,79,9,1341,94
51372,2024-05-08,YouTube,4384,2192,666,23,43,3,2734,4236,97,0,0,116
51373,2024-04-01,Instagram,2850,2109,309,14,313,2,0,0,414,0,0,496
51374,2024-03-10, instagram ,891,472,188,44,80,0,0,0,248,0,0,297
51375,2024-03-16,LinkedIn,4980,2589,250,41,99,3,0,0,373,4,372,447
51376,2024-04-06,Facebook,780,631,109,5,31,2,0,0,354,0,0,424
51377,2024-05-09,Instagram,-4454,3429,493,10,311,2,0,0,167,0,0,200
51378,2024-03-10,youtube,3501,1715,320,31,175,2,2671,33057,261,0,0,313
51379,2024-04-29,Facebook,1685,674,690,32,117,3,0,0,98,0,0,117
51380,2024-04-17,Facebook,555,266,418,38,72,2,0,0,196,4,196,235
51381,2024-03-26,Instagram,3715,2229,487,4,74,2,0,0,83,5,380,99
51382,2024-04-10,youtube,4775,3581,32,14,620,3,2305,26638,392,0,0,470
51383,2024-05-02,Instagram,-2562,1639,588,7,358,0,0,0,211,0,0,253
51384,2024-03-07,youtube,3060,2570,326,22,91,1,2453,46487,378,0,0,453
51385,2024-04-05,LinkedIn,2526,1692,691,1,151,2,0,0,370,0,0,444
51386,2024-04-14,youtube,4954,2278,98,37,148,3,8209,5158,271,1,98,325
51387,2024-04-30,Instagram,4813,2502,771,23,288,0,0,0,180,0,0,216
51388,2024-04-17,Facebook,3610,1444,684,12,216,3,0,0,79,4,436,94
51389,2024-04-30,youtube,4199,2267,658,42,335,1,2751,47632,208,0,0,249
51390,2024-03-14,youtube,2821,1269,112,13,225,3,1522,13017,196,7,945,235
51391,2024-03-28,Instagram,3716,1783,705,-1,371,3,0,0,354,0,0,424
51392,2024-04-15,youtube,503,352,608,42,70,2,7378,14412,472,6,570,566
51393,2024-04-01,Instagram,1629,961,483,20,228,3,0,0,416,0,0,499
51394,2024-04-15,LinkedIn,3715,2154,302,30,148,2,0,0,166,0,0,199
51395,2024-03-22,YouTube,676,466,28,1,40,1,4130,6819,206,0,0,247
51396,2024-05-26,Facebook,4327,3375,437,37,519,0,0,0,463,1,42,555
51397,2024-04-06,Facebook,3690,1771,248,37,369,1,0,0,381,2,66,457
51398,2024-05-27,YouTube,-3058,1651,504,44,275,2,7142,46691,353,0,0,423
51399,2024-03-29,LinkedIn,3598,1870,319,15,323,2,0,0,132,6,270,158
51400,2024-05-06,Facebook,4720,2973,466,22,472,1,0,0,280,0,0,336
51401,2024-04-26,youtube,2115,1586,621,42,190,3,7922,29669,122,0,0,146
51402,2024-03-21,Facebook,1542,755,369,40,169,2,0,0,255,0,0,306
51403,2024-05-10,LinkedIn,1778,711,294,0,71,1,0,0,460,0,0,552
51404,2024-04-02,YouTube,2715,1846,632,10,380,1,7521,2997,128,3,399,153
51405,2024-03-24, instagram ,4969,3229,655,27,695,3,0,0,250,0,0,300
51406,2024-03-07,LinkedIn,1873,973,650,10,18,1,0,0,464,0,0,556
51407,2024-05-15,youtube,2011,965,763,10,180,2,3911,42811,270,6,762,324
51408,2024-05-17,youtube,4865,1994,435,44,437,1,6915,12657,144,0,0,172
51409,2024-03-26,LinkedIn,3083,2127,727,2,215,1,0,0,288,5,600,345
51410,2024-03-19,YouTube,4867,3309,492,13,584,3,9378,38986,384,1,78,460
51411,2024-03-12, instagram ,2406,1443,590,33,336,0,0,0,290,0,0,348
51412,2024-05-17,youtube,247,128,137,5,7,2,9609,16010,312,0,0,374
51413,2024-04-06, instagram ,4533,2674,387,49,181,3,0,0,151,0,0,181
51414,2024-05-13,LinkedIn,2756,2342,58,11,27,0,0,0,349,9,999,418
51415,2024-05-15,youtube,3971,1985,106,20,476,2,571,19703,362,0,0,434
51416,2024-03-16,YouTube,822,328,166,2,106,0,5806,20230,455,8,648,546
51417,2024-03-06,Facebook,210,107,232,47,10,2,0,0,436,0,0,523
51418,2024-05-10,LinkedIn,4272,2306,129,31,128,2,0,0,467,0,0,560
51419,2024-04-20,YouTube,2944,2001,416,32,117,3,2641,47040,226,0,0,271
51420,2024-04-23, instagram ,113,79,621,29,1,0,0,0,343,0,0,411
51421,2024-03-03,YouTube,1201,948,600,6,168,3,8614,43788,273,2,278,327
51422,2024-05-17,Instagram,1720,1221,760,30,34,3,0,0,111,0,0,133
51423,2024-05-10,YouTube,1046,617,611,13,10,2,1669,32532,235,0,0,282
51424,2024-04-08,Instagram,437,314,195,-4,56,1,0,0,315,0,0,378
51425,2024-04-25,Facebook,4304,1893,435,30,602,2,0,0,109,8,1120,130
51426,2024-03-19,YouTube,108,58,568,21,3,3,3700,27726,469,0,0,562
51427,03/22/2024,Facebook,2603,1197,314,-4,26,2,0,0,438,0,0,525
51428,2024-05-13,youtube,1174,575,421,20,23,2,9075,7356,198,5,475,237
51429,2024-03-20,LinkedIn,109,87,627,31,8,3,0,0,70,0,0,84
51430,2024-05-18,Facebook,2624,1338,69,22,236,1,0,0,192,3,174,230
51431,2024-03-20,LinkedIn,4857,4177,180,44,534,3,0,0,57,0,0,68
51432,2024-04-12, instagram ,1481,1051,213,9,29,0,0,0,193,0,0,231
51433,2024-03-04,LinkedIn,2778,1472,612,28,222,3,0,0,254,0,0,304
51434,2024-03-18, instagram ,4413,3574,176,39,220,1,0,0,71,0,0,85
51435,2024-04-14,LinkedIn,2583,1782,394,35,361,2,0,0,494,0,0,592
51436,2024-05-28, instagram ,2873,1551,769,46,229,2,0,0,342,0,0,410
51437,2024-04-07,youtube,859,438,429,-3,103,0,9793,24234,266,0,0,319
51438,2024-05-26,LinkedIn,4409,2513,185,8,44,3,0,0,308,9,855,369
51439,2024-03-16,Facebook,2723,1225,49,36,272,0,0,0,448,2,256,537
51440,2024-04-05,YouTube,4594,3399,523,48,505,1,2403,9606,453,0,0,543
51441,2024-03-25,Facebook,1606,1124,432,33,192,2,0,0,141,2,,169
51442,2024-04-08,Facebook,984,600,353,29,19,1,0,0,136,7,490,163
51443,04/09/2024,youtube,4144,3480,794,36,455,0,8666,49578,371,5,375,445
51444,2024-03-16, instagram ,4730,2554,382,47,425,2,0,0,102,0,0,122
51445,2024-04-03,YouTube,3827,1990,299,4,191,0,6927,9146,419,0,0,502
51446,2024-04-25,LinkedIn,2166,1407,121,5,64,0,0,0,295,0,0,354
51447,2024-05-26, instagram ,141,98,655,36,15,0,0,0,229,0,0,274
51448,2024-05-10,Facebook,2584,2196,224,22,335,2,0,0,61,0,0,73
51449,2024-04-25,LinkedIn,4845,1986,118,34,339,0,0,0,190,0,0,228
51450,05/08/2024,youtube,3189,2806,113,18,318,1,4116,15533,491,0,0,589
51451,2024-04-30,Facebook,2390,1075,339,45,215,3,0,0,68,0,0,81
51452,05/01/2024,YouTube,3022,1420,534,4,302,1,5906,43200,470,0,0,564
51453,2024-05-08,YouTube,1694,1219,355,38,50,3,3792,6139,169,0,0,202
51454,2024-03-24, instagram ,1547,866,629,44,77,2,0,0,483,5,510,579
51455,2024-05-14, instagram ,1495,1106,612,-1,44,0,0,0,146,0,0,175
51456,2024-05-21,LinkedIn,3959,2969,537,36,237,1,0,0,378,0,0,453
51457,2024-04-30,Instagram,2730,1910,199,10,136,3,0,0,335,4,204,402
51458,2024-03-08,youtube,650,500,538,-3,71,3,8998,25988,208,0,0,249
51459,2024-05-23,Instagram,2644,2273,780,48,79,2,0,0,174,0,0,208
51460,2024-03-30,LinkedIn,4692,2533,741,49,422,1,0,0,89,0,0,106
51461,2024-03-09,youtube,4010,3408,265,4,481,3,8493,27152,97,0,0,116
51462,2024-03-11,Facebook,433,294,26,47,30,1,0,0,115,0,0,138
51463,2024-05-19,LinkedIn,1758,791,538,18,193,0,0,0,225,0,0,270
51464,2024-04-06,Facebook,1190,523,775,48,95,1,0,0,235,1,141,282
51465,05/08/2024,youtube,3614,2529,770,3,325,1,6915,44464,75,0,0,90
51466,2024-03-07,LinkedIn,520,223,43,0,15,0,0,0,169,0,0,202
51467,2024-03-02,Facebook,1134,601,310,30,124,0,0,0,314,6,624,376
51468,2024-05-22,LinkedIn,4076,3383,798,33,326,1,0,0,269,0,0,322
51469,2024-03-31,Instagram,2674,1337,526,3,26,0,0,0,401,9,585,481
51470,2024-05-14,LinkedIn,2765,1106,191,30,331,0,0,0,146,3,168,175
51471,2024-04-19,youtube,1099,813,763,-5,10,1,8992,3608,460,0,0,552
51472,2024-05-03, instagram ,2290,916,245,15,229,1,0,0,363,0,0,435
51473,2024-03-30,Instagram,2149,1095,664,45,42,2,0,0,439,0,0,526
51474,2024-05-25,Facebook,657,446,198,26,91,2,0,0,198,0,0,237
51475,2024-05-17,Facebook,4239,3264,365,26,84,2,0,0,78,0,0,93
51476,2024-05-01,YouTube,2941,1558,582,35,29,2,7055,29953,82,0,0,98
51477,2024-05-03, instagram ,3172,1617,536,34,444,2,0,0,307,8,840,368
51478,2024-05-18,youtube,1554,1134,571,2,217,1,5868,41704,256,0,0,307
51479,2024-03-20, instagram ,1872,1216,763,18,112,0,0,0,105,0,0,126
51480,2024-05-21,LinkedIn,416,312,712,18,4,2,0,0,132,0,0,158
51481,2024-04-06,Instagram,3677,1470,411,42,73,3,0,0,382,9,1080,458
51482,2024-04-20,Instagram,1466,1114,529,18,14,1,0,0,292,0,0,350
51483,2024-04-24,YouTube,2929,1698,782,39,380,3,8912,10429,401,0,0,481
51484,2024-05-11,youtube,3872,1858,94,12,425,2,4345,48517,132,0,0,158
51485,2024-05-01,Instagram,4707,3247,281,16,423,1,0,0,359,4,160,430
51486,2024-05-18,LinkedIn,3740,2692,618,17,448,2,0,0,263,0,,315
51487,04/26/2024, instagram ,3317,1824,84,32,165,3,0,0,210,0,0,252
51488,2024-04-13,youtube,3188,2391,443,0,382,1,4767,29402,97,3,348,116
51489,2024-04-07,YouTube,4211,3074,373,33,463,3,2173,26967,307,3,414,368
51490,2024-03-30,YouTube,935,467,335,44,102,2,2995,4772,144,0,0,172
51491,04/20/2024,Instagram,3445,2170,648,21,137,3,0,0,438,0,0,525
51492,2024-03-15,YouTube,988,879,131,47,88,0,653,34204,80,2,208,96
51493,2024-05-12,Instagram,2657,1408,475,40,239,2,0,0,92,3,213,110
51494,2024-04-13,Facebook,-2072,1450,507,15,145,1,0,0,473,0,0,567
51495,2024-05-05,YouTube,1560,1263,455,31,15,3,9013,5163,402,0,0,482
51496,2024-03-29,youtube,1774,1206,657,0,70,3,4356,22056,252,0,0,302
51497,2024-05-13, instagram ,4103,2831,20,23,287,2,0,0,268,0,0,321
51498,2024-03-08,LinkedIn,3106,2205,771,12,310,3,0,0,457,4,284,548
51499,2024-03-19,Instagram,2347,1854,775,11,234,0,0,0,108,4,360,129
51500,2024-04-02,youtube,757,416,423,-3,37,3,4998,48399,118,0,0,141

